p1,p2,p3,p4,p5,p6,p7,p8,p9,p10,hardship,contact,t1,t2,t3,t4,t5,f1,f2,f3,f4,f5,f6,f7,f8,f9,f10,f11,f12,f13,utility,id
7,7,7,7,7,4,1,7,4,7,2,2,6,7,6,6,3,4,6,6,6,5,6,5,4,2,6,2,6,4,AU01,1
7,7,7,7,7,1,1,7,1,4,1,1,7,6,6,6,7,4,6,4,4,4,6,4,4,4,4,6,4,4,AU01,2
7,7,7,7,7,4,4,6,4,5,5,2,6,7,5,7,3,4,6,5,5,4,5,4,4,4,5,5,5,4,AU01,3
7,7,7,7,7,5,4,6,4,5,2,1,5,7,7,5,7,7,7,7,7,7,4,7,6,1,7,6,7,7,AU01,4
6,6,7,7,7,2,2,4,2,4,1,1,2,7,7,6,7,5,6,5,2,4,4,6,4,1,5,2,6,6,AU01,5
7,6,6,7,7,3,2,5,3,4,1,1,7,6,6,5,7,4,6,4,6,5,6,4,5,3,4,6,4,4,AU01,6
7,7,7,7,7,4,4,4,4,6,1,1,7,7,6,6,7,4,6,4,7,6,6,4,4,7,4,6,4,6,AU01,7
6,6,6,6,6,6,6,6,6,6,5,1,4,4,3,4,2,4,3,4,3,4,3,4,4,4,4,4,4,3,AU01,8
7,7,5,7,7,4,1,5,4,4,3,2,7,7,6,6,6,4,7,4,6,4,6,4,4,4,4,6,4,6,AU01,9
7,7,7,7,7,6,5,6,5,3,2,1,7,7,7,7,7,7,7,6,6,6,7,6,4,5,6,7,6,7,AU01,10
7,7,1,7,7,5,5,7,5,4,6,1,7,5,5,5,6,4,5,4,5,4,4,4,4,4,4,6,4,6,AU01,11
6,5,3,4,6,2,1,4,1,2,2,2,6,2,6,4,6,6,5,5,5,6,4,6,3,3,5,4,6,4,AU01,12
7,7,6,7,7,4,4,3,4,4,5,1,7,7,6,2,5,6,6,4,5,5,6,6,4,4,4,5,4,6,AU01,13
7,7,7,7,7,5,4,7,5,4,2,2,7,7,7,7,7,4,7,4,7,4,4,4,4,4,4,6,4,6,AU01,14
7,7,5,7,7,3,3,5,2,3,2,1,7,7,7,7,7,7,7,4,7,4,7,4,4,3,4,7,4,7,AU01,15
7,7,6,5,7,3,3,6,2,1,2,1,7,7,6,6,6,6,6,4,6,4,6,4,4,3,4,6,4,5,AU01,16
7,4,5,5,7,4,4,5,4,4,4,2,7,2,4,2,1,3,7,3,7,4,7,3,1,1,4,3,4,4,AU01,17
7,7,7,7,7,7,7,7,7,7,1,1,7,7,7,7,7,7,7,7,7,4,7,4,4,7,4,7,4,7,AU01,18
3,7,7,4,4,7,1,5,4,1,6,2,6,6,6,6,6,6,6,1,2,2,6,6,2,1,1,6,1,1,AU01,19
7,7,6,7,7,6,2,7,6,1,1,2,6,6,6,6,6,6,6,5,6,6,6,6,4,5,5,5,5,5,AU01,20
7,7,7,7,7,4,4,4,4,4,4,2,6,6,6,6,6,5,6,6,6,6,6,6,6,4,6,5,6,6,AU01,21
3,7,6,7,7,4,4,4,4,4,2,1,7,7,7,7,7,6,5,5,6,6,5,5,5,5,5,4,5,5,AU01,22
7,7,6,7,7,2,2,1,1,4,7,2,7,3,7,2,4,2,6,2,7,1,2,5,2,2,2,2,3,1,AU01,23
7,7,6,7,7,5,5,6,5,5,2,2,6,6,4,4,6,6,5,5,5,4,5,5,4,4,4,6,5,5,AU01,24
7,7,7,7,7,7,7,7,7,7,5,2,6,6,6,6,5,4,3,5,3,4,4,5,4,4,4,4,4,4,AU01,25
7,7,7,7,7,5,5,7,6,4,1,2,7,7,7,7,7,4,7,7,7,6,5,7,7,6,7,6,7,7,AU01,26
7,7,7,7,7,6,5,7,7,7,3,1,6,3,3,5,5,3,5,5,5,5,5,5,5,3,4,5,5,5,AU01,27
7,7,7,7,7,4,4,7,4,4,2,1,7,7,7,6,6,6,6,6,6,6,6,6,6,6,6,6,6,6,AU01,28
7,7,6,7,7,6,6,6,6,7,4,2,6,7,7,7,6,5,7,7,6,7,6,6,7,4,7,6,7,6,AU01,29
7,7,7,7,7,4,1,7,1,4,5,1,7,3,3,1,6,4,3,3,6,3,3,4,3,2,4,1,5,4,AU01,30
6,6,4,6,6,4,3,6,4,4,2,1,6,6,5,6,6,2,5,4,6,5,6,6,5,3,4,3,5,2,AU01,31
7,5,6,7,7,5,4,5,3,3,2,1,6,6,6,6,6,6,6,6,6,6,6,6,6,6,6,6,6,6,AU01,34
7,7,5,7,7,3,4,4,4,4,2,1,7,7,7,6,5,3,6,4,7,4,4,4,4,4,4,6,4,5,AU01,35
7,7,7,7,7,5,4,7,6,4,1,1,7,7,6,7,7,6,7,6,6,4,6,4,4,4,4,6,4,6,AU01,37
6,6,6,6,7,4,2,2,2,3,1,1,7,6,6,6,6,6,6,6,6,6,6,6,4,6,6,5,6,6,AU01,38
7,6,6,7,7,6,6,7,6,6,5,1,2,3,3,4,6,6,5,4,5,6,5,3,4,2,4,3,5,4,AU01,39
7,7,6,7,7,7,1,7,4,1,2,1,6,6,4,6,6,6,6,6,6,6,6,6,6,4,4,6,4,3,AU01,40
7,7,5,7,7,6,5,7,5,3,1,2,7,7,7,6,7,7,7,6,7,5,7,5,6,7,5,7,6,5,AU01,41
7,5,7,7,7,3,3,3,3,2,6,2,3,7,7,7,5,2,2,1,2,2,2,1,1,1,1,3,1,1,AU01,42
7,7,7,6,7,4,4,6,5,4,2,1,7,5,6,6,7,6,6,4,4,4,4,4,2,4,4,6,4,5,AU01,43
7,7,7,7,7,5,6,7,4,5,1,1,7,7,7,7,7,4,6,2,6,4,6,5,1,1,4,6,5,5,AU01,44
7,7,1,1,1,1,7,7,7,7,2,2,7,7,7,7,1,7,7,7,7,7,7,7,7,7,7,7,7,7,AU01,46
7,7,7,7,7,4,4,7,5,4,2,1,7,7,7,6,7,6,6,7,6,5,7,6,6,6,6,5,7,5,AU01,47
7,7,4,7,7,1,1,1,1,4,3,2,7,7,7,7,7,6,6,6,6,6,6,6,6,4,6,4,6,4,AU01,48
7,7,7,7,7,7,6,7,6,6,1,1,7,7,6,7,6,7,7,7,7,7,7,7,4,5,7,7,7,6,AU01,49
7,7,7,7,7,7,4,5,4,4,3,2,6,6,6,6,5,5,6,6,6,5,6,6,6,6,6,5,6,6,AU01,50
7,7,7,7,7,7,7,7,5,4,4,1,7,7,6,6,7,4,7,4,7,4,5,4,4,5,5,4,7,4,AU01,51
7,6,7,7,7,7,4,6,5,4,2,2,6,6,6,7,7,6,6,5,6,6,6,5,5,6,6,6,6,5,AU01,52
7,6,6,7,7,6,5,5,5,5,3,2,6,6,6,6,6,5,6,6,6,6,6,6,4,3,5,6,5,5,AU01,53
7,7,7,7,7,4,4,6,4,6,2,1,7,7,6,6,5,7,7,7,7,6,4,7,4,6,6,7,5,4,AU01,55
7,6,7,7,7,6,4,7,4,5,2,1,6,6,6,6,6,3,6,4,5,4,6,4,4,4,4,5,4,3,AU01,56
7,2,4,6,6,6,2,5,3,2,3,1,5,5,4,4,3,3,4,2,2,2,2,2,2,1,2,3,3,1,AU01,57
7,4,4,4,7,4,4,4,4,4,1,2,6,6,5,6,6,6,6,6,6,6,6,5,4,4,4,5,6,6,AU01,58
7,7,7,7,7,4,1,4,1,4,1,1,7,7,7,7,7,4,6,4,5,4,7,4,4,5,4,6,4,5,AU01,59
7,4,4,7,7,1,1,4,1,1,1,2,7,7,6,7,1,5,6,4,6,4,4,4,4,4,4,5,4,5,AU01,60
7,7,7,7,7,6,4,6,6,5,1,2,6,5,6,5,3,6,6,6,6,6,6,5,6,6,4,6,6,6,AU01,62
7,5,7,6,7,4,3,4,3,2,3,2,6,6,6,6,6,6,6,6,6,6,6,6,6,4,6,6,6,6,AU01,63
7,7,6,7,7,6,7,7,5,6,2,3,6,5,6,6,6,6,6,7,6,6,7,7,5,7,6,4,7,6,AU01,64
6,6,6,6,6,6,6,6,5,6,1,2,7,7,7,6,7,6,6,5,5,4,6,4,4,5,4,6,6,5,AU01,65
7,7,4,7,7,4,4,4,4,4,5,2,6,6,6,6,6,4,5,2,2,5,5,3,2,2,2,3,2,2,AU01,66
7,7,7,7,7,4,4,7,4,5,1,1,7,7,6,6,6,4,4,4,5,6,6,4,4,4,4,7,4,6,AU01,67
7,7,6,7,7,4,4,4,5,4,7,1,7,3,7,3,7,6,5,4,4,4,6,5,4,3,4,5,4,4,AU01,68
7,7,7,7,7,3,3,6,4,6,1,1,7,7,7,7,7,4,7,4,7,4,4,4,4,4,4,4,4,6,AU01,69
7,7,7,7,7,6,4,7,5,6,1,1,7,7,7,7,7,7,7,4,7,4,7,4,4,4,4,7,4,7,AU01,70
7,7,4,7,7,3,4,4,4,4,1,2,7,5,7,3,7,7,7,7,7,7,7,7,7,7,7,7,7,7,AU01,71
7,7,6,7,7,4,4,6,4,3,2,1,6,6,6,6,6,6,6,6,6,6,6,6,6,4,6,6,6,6,AU01,72
7,7,7,7,7,5,4,4,4,5,2,1,7,7,7,7,7,5,7,7,7,6,7,7,7,6,7,6,7,7,AU01,73
7,7,7,7,7,4,5,7,5,5,4,1,7,7,7,7,7,7,7,7,7,7,7,7,6,5,7,6,7,7,AU01,74
7,6,4,6,7,4,4,3,4,4,1,1,7,5,6,5,6,3,5,4,5,4,5,4,4,4,3,4,4,3,AU01,75
7,6,6,7,7,4,4,6,4,6,7,2,7,7,6,5,7,2,6,4,7,6,6,4,3,1,6,2,6,4,AU01,76
7,7,7,7,7,6,4,7,5,6,2,2,6,7,6,6,6,4,6,4,5,4,4,4,4,2,4,6,4,5,AU01,77
7,7,7,7,7,7,7,7,7,7,6,1,7,7,7,7,7,6,6,6,7,6,7,6,6,6,6,7,6,7,AU01,78
7,2,6,5,7,5,6,7,5,4,3,2,5,4,3,3,5,5,5,5,3,4,5,5,4,4,4,5,4,5,AU01,79
7,7,5,7,7,7,6,2,4,5,7,1,5,3,4,2,6,4,3,1,5,2,5,1,1,1,2,4,5,1,AU01,80
7,7,7,7,7,7,7,7,7,7,3,1,6,6,6,4,5,6,6,6,6,6,6,5,2,5,6,6,6,6,AU01,81
7,7,7,7,7,6,5,2,5,7,5,1,7,7,7,7,7,5,7,7,7,7,7,7,7,7,7,5,7,7,AU01,82
7,7,5,7,7,1,5,2,1,4,1,1,6,3,2,1,6,6,6,6,6,6,6,6,6,6,6,7,6,6,AU01,83
7,7,1,7,7,5,3,4,5,4,2,1,6,5,6,1,6,3,5,4,5,4,4,4,4,4,4,6,4,4,AU01,84
7,7,7,7,7,6,7,7,6,7,6,1,7,6,7,6,5,3,7,4,4,4,6,4,4,2,4,1,4,2,AU01,85
7,7,7,7,7,4,4,7,4,7,5,4,7,7,4,3,4,1,2,2,1,1,1,1,1,1,2,2,1,1,AU01,86
7,7,7,7,7,6,5,6,5,6,3,1,7,7,7,3,3,5,7,5,7,5,7,6,4,6,4,7,5,6,AU01,87
7,7,3,7,1,4,5,6,4,5,1,1,6,6,6,6,5,4,5,4,5,4,4,4,4,5,4,5,4,4,AU01,89
7,7,7,7,7,5,4,7,5,6,1,1,7,5,6,1,3,5,6,5,6,5,3,4,4,2,5,5,5,3,AU01,90
7,7,7,7,7,4,4,7,4,6,4,1,7,7,7,7,7,6,7,4,7,4,7,4,4,7,4,7,4,4,AU01,91
7,7,5,7,7,4,4,5,4,4,2,2,6,6,6,6,5,6,6,6,6,6,5,6,4,5,5,5,6,6,AU01,92
7,5,7,7,7,4,4,4,4,4,4,1,7,6,6,5,6,4,6,6,6,5,5,6,5,4,6,6,5,5,AU01,93
7,7,7,7,7,4,4,4,4,4,6,1,7,6,6,5,7,4,7,4,6,4,4,4,4,2,4,6,4,4,AU01,94
7,7,7,7,7,7,7,7,7,7,1,1,7,7,7,7,7,4,7,4,7,4,4,4,4,4,4,7,4,3,AU01,95
7,7,7,7,7,7,4,6,4,4,3,2,7,7,6,7,7,4,7,5,7,5,4,5,4,5,5,5,5,5,AU01,96
6,5,5,6,5,4,4,4,4,4,5,2,6,6,6,4,6,6,6,5,5,5,6,6,6,4,6,6,4,4,AU01,97
7,6,4,7,7,4,4,4,4,4,6,2,7,7,7,7,7,7,7,7,7,6,7,7,6,7,6,6,7,7,AU01,98
7,6,5,7,7,6,5,4,5,4,3,1,7,6,6,6,6,5,4,4,7,4,4,4,4,3,4,5,4,5,AU01,99
7,6,6,7,7,5,6,6,4,5,5,2,5,3,2,2,4,3,4,4,4,4,4,4,4,2,4,5,4,4,AU01,100
7,7,1,7,7,6,6,6,4,7,2,1,7,3,5,2,7,6,5,5,6,4,4,4,4,2,4,6,4,6,AU01,101
6,6,4,2,6,2,2,2,2,4,5,1,6,6,6,6,6,6,6,6,6,6,6,6,6,6,6,6,6,6,AU01,102
7,6,6,7,7,4,4,5,5,5,3,2,6,6,4,6,6,5,6,6,6,5,6,6,6,5,6,6,6,6,AU01,103
6,5,5,6,7,5,4,4,4,4,2,1,5,5,5,5,5,5,5,5,5,5,5,5,5,5,5,5,5,5,AU01,104
7,7,7,7,7,3,5,7,3,4,5,2,7,7,7,7,7,4,7,7,7,7,7,7,6,5,7,7,7,7,AU01,105
7,7,7,7,7,3,5,7,5,5,5,1,6,6,6,6,4,3,4,4,4,4,4,4,4,4,4,4,4,4,AU01,106
7,6,6,7,7,5,4,5,4,4,5,2,6,5,5,5,3,5,4,3,4,4,4,4,4,3,4,3,4,5,AU01,107
7,7,7,7,7,7,6,7,6,6,1,1,7,7,7,7,7,7,7,7,7,6,7,7,6,6,6,7,7,7,AU01,108
7,7,7,7,7,6,6,6,5,5,5,1,6,6,7,7,6,2,3,3,5,5,3,3,4,3,4,3,4,3,AU01,109
7,7,7,7,7,7,5,6,6,6,1,1,7,7,7,7,6,5,6,6,7,6,7,6,7,6,6,6,7,6,AU01,111
7,6,6,7,7,6,5,6,6,6,2,2,7,6,6,7,7,5,6,6,6,6,6,6,5,5,6,6,5,6,AU01,112
7,7,7,7,7,7,5,7,4,4,3,1,7,7,5,4,6,5,6,4,6,4,6,5,5,4,4,2,4,4,AU01,113
6,6,3,3,7,3,3,5,4,4,4,2,5,6,5,4,4,5,5,6,5,5,5,6,5,6,6,5,6,5,AU01,114
7,7,7,7,7,7,7,7,7,7,2,1,7,7,6,7,6,6,6,6,6,7,6,6,6,5,6,6,6,6,AU01,115
7,6,6,7,7,4,4,5,4,4,5,2,6,6,5,4,6,5,6,6,6,6,6,6,5,4,5,5,5,6,AU01,116
7,7,7,7,7,6,4,5,4,4,1,1,7,7,6,6,6,6,6,6,6,6,5,5,5,5,5,7,6,6,AU01,117
7,7,4,7,7,3,4,7,3,4,3,1,7,7,7,7,7,6,6,6,6,6,6,6,5,3,6,6,5,5,AU01,118
2,2,6,6,7,4,4,1,4,4,6,1,7,7,7,6,6,6,7,6,6,5,6,6,4,4,6,6,6,6,AU01,119
7,7,7,7,7,7,6,7,5,7,1,1,7,5,3,2,7,4,7,7,7,6,7,7,7,7,7,4,7,7,AU01,120
7,7,7,7,7,7,6,7,6,7,4,2,6,7,7,7,6,5,6,7,7,7,6,7,6,5,6,5,7,7,AU01,121
7,7,7,7,7,6,7,7,6,5,1,2,7,7,7,7,7,7,7,7,7,7,7,7,7,7,7,7,7,7,AU02,125
7,7,7,7,7,5,5,7,5,5,2,2,6,6,6,6,5,6,6,7,6,6,6,6,6,6,7,6,7,6,AU02,126
7,7,7,7,7,4,4,7,4,7,3,2,7,7,6,7,6,7,7,7,7,7,7,7,7,5,7,7,7,7,AU02,127
7,7,7,6,7,5,7,7,6,7,2,2,7,7,7,7,6,7,7,7,7,7,7,7,7,7,7,7,7,7,AU02,128
7,7,7,7,7,5,4,7,6,2,2,1,7,7,7,7,7,7,7,7,7,7,7,7,7,5,7,7,7,6,AU02,129
6,6,6,7,7,4,2,5,4,4,2,2,7,6,7,7,7,4,6,6,6,6,6,6,4,6,6,6,6,6,AU02,130
7,7,5,7,7,5,4,5,5,3,2,1,7,6,6,5,6,6,6,4,6,7,6,4,4,4,4,4,4,6,AU02,131
7,7,7,7,7,6,4,7,7,5,5,1,6,6,5,5,5,4,5,5,5,6,4,5,4,4,5,5,6,6,AU02,132
7,7,7,7,7,2,3,4,4,7,4,1,6,6,6,6,6,4,6,4,6,4,4,4,4,4,4,6,4,6,AU02,133
7,3,5,5,7,4,2,2,4,4,5,1,6,6,5,1,2,4,6,4,6,4,6,4,4,6,4,2,4,4,AU02,134
7,6,5,7,7,7,5,6,6,5,1,1,6,7,7,6,7,6,6,4,6,4,6,4,4,5,4,6,4,7,AU02,135
7,7,7,7,7,4,2,7,2,2,2,1,7,6,6,6,4,4,6,4,6,4,4,4,4,4,4,6,4,4,AU02,136
7,6,5,7,7,5,4,7,5,5,2,1,6,6,6,6,6,6,6,6,6,6,6,6,6,5,6,6,6,6,AU02,137
7,7,7,7,7,5,5,6,6,6,2,1,7,7,7,7,7,5,7,7,7,7,7,7,5,6,7,4,7,7,AU02,138
7,7,7,7,7,4,4,7,4,4,4,2,6,6,3,5,3,4,6,6,6,6,6,6,5,5,6,6,6,6,AU02,139
7,7,7,7,7,7,7,7,7,7,7,3,7,7,7,7,7,7,7,7,7,7,7,7,7,7,7,7,7,7,AU02,140
6,6,5,6,7,4,4,6,4,4,4,1,6,6,6,6,6,4,4,4,4,4,4,4,4,4,4,4,4,4,AU02,141
7,1,7,7,7,3,5,7,6,3,1,1,6,7,7,7,6,6,6,6,6,6,6,7,7,6,6,5,6,6,AU02,142
7,7,7,7,7,5,4,6,4,5,4,2,7,7,7,7,7,7,7,7,7,7,6,7,6,6,7,6,7,7,AU02,143
7,7,7,7,7,7,7,7,7,7,5,1,6,6,7,7,6,6,6,6,6,6,6,6,6,6,6,5,6,5,AU02,144
7,7,7,7,7,7,5,7,7,6,1,1,7,6,6,7,5,6,7,7,7,7,7,7,6,7,7,6,7,6,AU02,145
7,7,7,7,7,7,7,7,7,7,1,1,7,7,7,7,7,7,7,7,7,7,7,7,4,7,7,7,7,7,AU02,146
7,7,1,7,7,1,1,7,7,3,1,1,7,5,5,6,6,7,6,7,7,7,7,7,7,6,7,7,7,7,AU02,147
7,7,7,7,7,7,7,7,7,7,1,1,7,7,7,7,7,6,6,6,6,6,6,6,6,6,6,6,6,6,AU02,148
7,7,7,7,7,6,4,7,5,4,1,1,7,4,6,5,5,4,6,4,4,4,6,4,4,4,4,4,4,4,AU02,149
7,7,7,7,7,7,6,7,7,4,4,2,7,7,6,7,7,6,6,7,7,6,6,6,7,6,6,6,6,6,AU02,150
7,7,7,7,7,4,4,5,3,5,1,1,7,7,6,7,6,7,4,4,6,4,6,4,4,6,4,7,4,7,AU02,152
7,6,5,6,7,6,4,4,3,4,4,1,6,6,6,6,6,4,6,6,6,6,6,5,4,2,6,4,6,4,AU02,153
7,7,7,7,7,6,5,7,5,5,5,1,7,7,7,7,3,6,6,6,6,6,4,6,4,4,6,6,6,6,AU02,154
7,6,6,7,7,5,4,4,4,4,2,1,6,6,6,6,7,4,7,5,7,5,4,4,4,4,4,6,4,4,AU02,155
7,6,5,7,7,4,4,6,4,6,1,1,7,6,6,6,5,6,6,6,6,6,6,6,6,6,6,6,6,6,AU02,156
7,7,7,7,7,4,4,5,5,4,1,2,7,7,6,6,6,7,7,6,7,7,7,6,6,6,6,6,6,6,AU02,157
6,6,5,6,7,2,2,2,2,2,1,2,7,7,6,6,6,4,7,7,7,6,7,7,4,7,7,7,7,6,AU02,158
7,6,6,7,7,4,4,7,4,4,1,1,6,7,7,6,7,7,7,7,6,7,7,7,6,6,7,7,7,6,AU02,159
7,7,7,7,7,6,5,7,5,5,1,5,6,6,5,4,6,4,6,6,6,6,6,6,4,4,6,4,6,6,AU02,160
1,7,7,7,7,6,6,7,6,6,5,1,7,7,7,7,3,6,6,6,6,5,7,6,6,5,6,5,6,6,AU02,161
7,7,7,7,7,5,4,7,4,5,4,1,7,7,7,7,6,7,7,6,6,7,7,6,7,7,6,7,7,6,AU02,162
7,7,7,7,7,6,4,5,4,6,5,2,7,6,7,6,3,6,6,4,6,4,7,4,4,4,4,5,4,5,AU02,163
7,7,7,7,7,4,2,4,5,4,2,1,6,6,6,4,3,4,6,4,6,4,6,4,4,4,4,6,4,6,AU02,164
7,7,4,7,7,4,4,4,2,7,2,1,7,6,6,6,6,4,6,6,6,4,5,4,4,7,6,6,7,4,AU02,165
7,7,6,7,7,4,1,7,2,4,1,1,7,7,6,7,6,7,6,6,6,6,5,5,4,6,6,6,6,5,AU02,166
7,7,7,7,7,7,7,6,6,7,2,1,7,6,6,7,6,6,6,6,6,7,6,6,6,6,7,6,7,6,AU02,167
7,7,7,7,7,7,7,7,7,7,2,1,6,6,6,7,6,4,6,6,6,6,4,6,4,6,6,6,6,6,AU02,168
6,6,6,7,7,4,4,4,3,2,4,1,7,7,7,7,7,6,6,6,6,6,6,6,6,7,6,6,6,7,AU02,169
7,6,7,7,7,6,6,6,6,5,1,1,7,7,7,7,7,7,7,7,7,7,7,7,7,7,7,7,7,7,AU02,170
7,7,7,7,7,3,7,6,6,4,4,2,7,7,6,5,6,6,6,4,6,4,6,4,4,4,4,5,4,5,AU02,171
7,7,7,7,7,4,5,7,5,5,2,1,6,6,7,7,6,4,4,4,6,4,6,4,4,5,5,4,6,5,AU02,172
7,6,1,7,1,6,5,4,7,7,1,1,7,7,7,7,7,4,6,4,7,4,7,7,4,6,7,4,7,4,AU02,173
7,7,7,6,7,4,4,7,4,4,1,1,7,7,7,4,7,7,4,4,7,4,4,4,4,4,4,4,4,7,AU02,174
7,7,7,7,7,6,5,2,4,2,1,1,7,7,6,7,7,6,7,7,7,7,7,7,6,7,7,7,7,7,AU02,175
7,7,7,7,5,7,4,7,7,7,1,1,7,7,7,6,7,7,7,7,7,7,7,7,7,7,7,7,7,7,AU02,176
7,7,7,7,7,5,5,7,4,7,1,1,7,7,7,7,7,7,7,7,7,7,7,7,7,7,7,7,7,7,AU02,177
7,7,7,7,7,4,4,7,1,1,2,1,7,6,3,3,6,5,7,5,6,6,7,4,4,6,4,6,7,4,AU02,178
7,7,6,7,7,4,4,7,4,4,1,1,3,6,5,6,4,4,4,4,4,4,4,4,4,4,4,4,4,4,AU02,179
7,7,7,7,7,7,7,7,7,7,5,1,7,7,7,7,7,7,7,7,7,7,7,7,2,7,7,5,7,7,AU02,180
7,6,2,7,7,4,5,6,6,4,2,1,6,6,6,6,7,6,6,6,6,6,6,6,6,7,7,6,6,6,AU02,181
7,7,7,7,7,7,5,1,5,7,7,4,7,7,7,6,7,7,7,7,7,7,7,7,7,7,7,7,7,7,AU02,182
7,7,7,7,7,6,6,7,5,6,1,1,7,6,6,6,6,6,6,6,6,6,6,6,6,6,6,6,6,6,AU02,184
7,5,7,7,7,3,3,4,3,2,2,1,7,5,6,5,6,4,6,7,6,4,6,5,4,6,5,6,4,4,AU02,185
7,7,7,7,7,2,1,4,2,1,2,1,7,7,7,6,7,7,7,7,7,7,6,7,7,6,7,7,7,7,AU02,186
7,4,4,5,7,2,1,3,1,1,5,2,5,6,5,5,6,5,6,6,5,6,6,6,5,5,6,6,6,4,AU02,187
7,7,7,7,7,6,6,6,7,7,1,2,7,7,7,5,6,6,6,6,6,6,6,6,6,6,6,6,6,6,AU02,188
7,6,4,7,7,4,4,4,4,4,1,2,6,6,5,5,6,7,7,4,7,4,6,7,4,4,7,7,4,7,AU02,189
5,5,6,6,7,4,4,6,4,2,5,2,6,5,5,4,4,5,5,5,5,4,4,5,4,4,5,5,4,3,AU02,190
7,7,7,7,7,7,1,7,4,4,1,4,7,7,6,7,7,6,6,6,6,7,7,7,7,7,7,7,6,7,AU03,192
7,7,6,7,7,2,1,5,2,1,1,1,7,7,7,7,7,7,7,7,7,6,7,7,7,6,7,2,6,7,AU03,193
7,7,7,7,7,7,5,6,4,4,4,1,7,2,6,2,6,6,6,4,4,4,6,4,5,4,4,6,4,4,AU03,194
7,7,7,7,7,6,4,4,4,7,4,2,6,4,3,3,2,6,6,6,5,4,5,6,5,4,4,6,6,4,AU03,195
7,6,6,7,7,6,6,6,6,6,2,2,6,6,5,2,3,6,5,4,5,5,4,4,3,4,4,6,4,3,AU03,196
7,6,7,7,7,5,3,2,5,2,3,2,7,7,7,7,7,7,7,7,7,7,7,7,7,7,7,7,7,7,AU03,197
7,7,7,7,7,7,4,6,6,6,5,2,7,7,4,4,6,4,6,5,7,6,1,4,4,5,5,2,7,3,AU03,198
7,7,7,7,7,5,4,5,4,4,7,1,3,5,4,2,1,4,3,5,5,6,3,3,3,2,4,1,4,4,AU03,199
7,7,7,7,7,5,4,4,1,4,1,1,7,7,3,6,6,6,6,6,4,4,6,4,5,3,6,6,6,5,AU04,200
7,7,7,7,7,7,7,7,6,7,5,1,7,6,6,3,7,6,6,6,6,6,6,6,6,5,6,6,6,6,AU04,201
7,7,7,7,7,4,5,5,7,5,1,2,7,7,7,6,6,6,7,6,7,6,6,6,6,6,7,6,6,6,AU04,202
7,6,7,7,7,1,1,4,1,4,1,1,7,7,6,7,6,3,4,4,4,4,4,4,4,3,4,6,4,4,AU04,203
7,7,6,7,7,7,7,5,6,5,1,3,6,6,6,4,7,4,6,6,5,7,6,6,5,5,5,6,7,5,AU04,204
7,6,6,7,7,4,4,6,4,4,4,1,6,6,6,6,6,5,6,4,5,4,6,4,4,4,4,5,4,5,AU04,205
7,7,7,7,7,7,7,7,6,7,2,1,7,7,6,6,6,6,6,5,5,6,4,5,6,6,4,7,5,6,AU04,206
7,7,4,4,4,4,5,5,4,4,5,2,6,5,5,5,1,4,5,5,5,4,3,5,4,4,4,5,4,4,AU04,207
7,7,7,7,7,7,7,7,7,7,4,2,6,1,3,1,2,1,6,6,4,6,6,6,6,1,6,6,6,1,AU04,208
7,6,6,7,7,6,5,6,5,5,1,1,7,7,7,7,7,6,6,5,6,4,4,4,4,5,4,7,4,6,AU04,209
7,7,7,7,7,7,7,7,7,7,6,2,6,6,5,6,6,1,5,6,4,1,5,6,7,1,1,1,1,2,AU04,210
1,7,7,7,7,7,7,7,7,7,2,2,7,7,7,7,5,6,6,6,6,6,6,6,6,5,6,3,6,6,AU04,211
7,7,7,7,7,7,7,7,7,7,6,1,7,7,7,7,7,6,7,6,6,4,6,4,6,7,4,4,4,6,AU04,212
7,4,5,6,7,4,3,5,2,4,2,1,7,6,6,5,6,4,7,4,5,4,4,4,4,5,4,3,4,5,AU04,213
1,7,7,7,7,1,6,7,7,7,4,1,6,6,6,6,2,4,6,4,6,4,4,4,4,6,4,4,4,6,AU04,214
7,7,4,7,7,4,4,7,4,4,4,1,7,7,7,7,7,4,7,4,4,4,4,4,4,4,4,6,4,5,AU04,215
7,7,7,7,7,4,4,7,4,4,5,2,7,7,7,7,6,4,7,1,7,3,6,4,1,1,1,4,6,6,AU04,216
7,6,6,7,7,2,2,4,3,4,1,2,6,7,6,6,6,6,7,6,7,6,6,6,4,4,4,6,6,6,AU04,217
6,6,4,7,7,4,4,6,4,4,1,1,7,7,7,7,7,4,7,4,4,4,6,4,4,4,4,7,4,5,AU04,218
7,7,7,7,7,7,7,7,7,7,2,2,7,6,5,5,7,6,7,6,6,6,7,6,6,6,6,6,6,7,AU04,219
7,7,7,7,7,6,2,4,4,7,6,2,7,7,7,7,7,7,7,7,7,7,7,7,7,7,7,7,7,7,AU04,220
7,7,7,7,7,7,5,7,7,7,4,1,7,4,4,3,7,4,7,7,7,7,4,7,7,7,7,7,7,4,AU04,221
7,7,7,7,7,7,7,5,7,5,1,2,7,7,7,4,6,6,7,6,6,4,6,4,4,4,4,6,4,4,AU04,222
7,7,7,7,7,7,7,7,7,7,1,1,7,6,7,6,7,5,6,6,6,6,5,6,5,6,6,6,6,6,AU04,223
6,7,5,6,4,5,4,4,6,7,2,1,7,7,7,7,7,3,6,7,6,7,5,4,7,7,7,6,7,7,AU04,224
7,7,6,7,7,6,6,6,5,6,5,2,6,6,6,5,3,2,5,5,3,5,5,3,3,2,3,3,4,3,AU04,225
7,4,6,7,7,4,3,4,4,4,5,1,5,3,3,1,4,4,5,5,5,5,5,5,5,2,5,2,6,5,AU04,226
6,6,6,5,6,4,5,6,4,5,4,2,5,5,5,5,7,3,5,4,4,4,4,4,3,4,4,3,4,3,AU04,227
7,7,7,7,7,7,6,7,7,6,2,2,1,1,1,7,2,6,1,6,7,2,1,1,6,2,1,1,1,6,AU04,228
7,6,6,2,7,6,6,7,6,6,2,2,7,7,7,7,7,6,7,6,7,4,6,6,6,5,6,6,6,6,AU04,229
7,7,7,7,7,4,4,6,4,4,2,2,6,6,6,6,5,4,6,5,5,5,5,5,5,4,5,5,5,5,AU04,230
7,7,7,7,7,7,7,7,7,7,2,2,6,6,6,6,6,4,6,6,6,3,6,6,7,5,6,6,7,6,AU04,231
7,5,3,7,7,4,3,6,4,4,1,1,7,7,6,6,7,2,6,7,6,6,7,7,6,1,6,6,6,6,AU04,232
7,7,7,7,7,7,4,7,4,7,1,2,7,7,7,6,7,6,6,6,6,4,6,6,6,4,6,6,6,6,AU04,233
5,5,5,5,6,4,4,3,4,4,2,1,7,6,5,6,5,6,7,6,7,6,6,6,6,6,6,7,6,6,AU04,234
7,7,7,7,7,7,7,7,7,7,2,1,6,7,6,6,6,4,6,4,5,4,5,4,4,3,4,1,4,2,AU04,235
7,5,7,7,7,7,4,7,5,4,4,2,6,5,6,6,6,5,4,5,4,4,5,6,4,4,4,5,5,5,AU04,236
6,7,4,6,7,4,4,7,4,4,5,1,7,6,5,5,7,4,6,4,4,4,4,4,4,4,4,3,4,4,AU04,237
7,7,7,7,7,4,4,6,4,4,1,2,7,6,6,6,6,7,6,6,7,6,6,6,6,4,6,6,6,6,AU04,238
6,5,4,6,7,2,3,3,4,1,1,2,6,7,5,6,7,7,6,7,6,7,7,7,6,4,6,7,7,6,AU04,239
7,6,5,7,7,5,4,5,4,4,3,2,6,5,2,2,6,6,6,4,6,6,4,6,6,4,6,6,6,6,AU04,240
7,7,6,7,7,6,6,7,6,7,3,2,6,7,6,6,6,5,6,5,6,3,6,5,3,5,5,5,6,5,AU04,241
7,7,7,7,7,4,4,1,4,4,1,2,7,6,1,1,5,1,7,7,7,7,7,7,6,4,7,7,7,6,AU04,242
7,7,7,7,7,5,3,4,3,4,2,1,6,7,6,6,7,6,6,5,5,4,6,4,4,4,4,6,3,5,AU04,243
7,7,6,7,7,5,4,6,4,4,2,2,7,6,6,6,6,6,6,6,6,6,6,6,6,6,7,7,6,6,AU04,244
6,6,2,2,2,2,6,6,6,6,6,2,3,3,3,3,3,3,3,3,3,3,3,3,3,3,3,3,3,3,AU04,245
7,6,5,7,7,5,5,5,5,4,3,2,6,6,6,6,6,6,6,6,6,6,6,6,6,6,6,6,6,6,AU04,246
7,7,7,7,7,6,5,7,6,6,2,2,7,7,7,7,6,7,7,7,7,7,7,7,6,4,7,7,7,7,AU04,247
7,7,7,7,7,6,5,7,5,3,1,2,7,7,7,5,7,5,7,7,6,7,7,7,4,6,7,7,7,7,AU04,248
7,7,7,7,7,2,3,5,3,3,1,1,7,6,6,3,7,6,7,5,6,4,7,4,4,3,4,7,4,6,AU04,249
7,7,7,7,7,4,1,5,2,1,2,2,7,7,7,7,7,4,7,7,7,7,7,7,7,4,7,7,7,5,AU04,250
7,7,7,7,7,5,4,7,4,4,5,2,7,6,6,7,6,3,6,7,6,6,7,7,5,7,6,3,7,6,AU04,251
6,6,6,7,7,4,4,4,5,4,5,4,6,5,6,6,5,5,6,4,5,4,5,4,4,3,4,5,4,5,AU04,252
7,7,7,7,7,4,3,4,2,4,1,2,5,7,6,6,7,6,7,6,6,6,6,6,6,6,6,6,6,4,AU04,253
7,7,7,7,7,5,5,5,5,6,1,1,7,7,7,7,6,6,6,6,7,6,7,6,6,6,6,6,6,6,AU04,254
7,7,6,6,7,6,6,6,5,7,1,2,7,7,7,7,7,7,6,6,7,4,6,4,4,6,4,7,4,6,AU04,255
7,7,6,7,7,3,2,6,3,4,1,2,7,7,7,7,7,7,7,7,7,7,7,7,7,6,7,7,7,7,AU04,256
7,7,7,7,7,7,6,7,6,2,2,1,7,7,7,7,7,6,6,6,6,6,6,6,6,6,6,6,6,5,AU04,257
7,7,6,7,7,4,5,7,5,4,2,1,6,4,6,6,5,4,7,4,4,4,5,4,4,2,4,3,4,5,AU04,258
7,7,7,7,7,6,6,6,4,4,5,2,7,6,6,6,5,4,6,6,4,5,5,5,5,4,5,5,6,6,AU04,259
7,7,7,7,7,7,7,7,7,7,1,2,7,6,6,5,7,6,6,6,6,6,4,5,6,6,6,6,4,6,AU04,260
7,6,7,7,7,5,4,6,3,4,5,2,6,6,6,6,6,3,6,5,6,5,6,6,5,4,4,6,5,5,AU04,261
7,6,7,7,7,3,3,5,4,3,5,1,7,6,5,6,4,4,6,4,5,4,5,4,4,1,4,5,5,6,AU04,262
6,2,6,7,7,6,4,3,2,4,4,1,7,6,4,4,6,3,6,6,6,6,5,6,7,5,6,6,6,6,AU04,263
7,7,7,7,7,6,7,5,5,7,3,2,6,6,6,6,6,6,6,6,6,6,6,6,6,6,6,6,6,6,AU04,264
7,7,7,7,7,5,4,6,3,4,1,2,7,7,6,5,7,4,5,5,5,4,5,4,5,4,5,5,4,4,AU04,265
7,7,7,7,7,7,5,7,7,7,1,2,7,5,6,3,6,5,5,5,3,5,5,5,2,2,3,5,3,5,AU04,266
7,7,7,7,7,6,6,6,6,5,1,2,6,7,6,7,6,3,6,6,6,6,6,6,6,5,6,6,6,6,AU04,267
7,6,6,6,7,4,4,5,4,4,2,1,6,6,6,6,6,5,6,4,6,4,6,4,4,4,4,6,4,4,AU04,268
7,7,7,7,7,7,7,7,7,7,4,2,6,2,4,4,6,4,4,4,6,6,6,6,4,2,6,6,6,4,AU04,269
7,7,7,7,7,6,5,6,6,6,6,2,7,7,6,6,7,4,7,5,6,5,6,6,3,4,6,3,6,6,AU04,270
7,7,7,7,7,4,4,5,4,4,2,2,5,6,5,6,6,3,5,5,5,4,4,4,4,4,4,5,4,5,AU04,271
7,7,7,6,7,5,5,3,4,4,1,2,7,3,7,5,7,2,6,7,6,4,6,7,7,3,7,7,7,4,AU04,272
7,7,7,6,7,3,2,5,2,4,1,1,7,6,6,7,6,4,7,6,6,6,6,6,6,6,6,6,6,6,AU04,273
7,7,7,7,7,6,5,7,6,6,7,2,7,7,6,7,6,6,3,3,3,6,4,3,2,3,3,6,5,3,AU04,274
7,7,7,7,7,4,4,5,4,4,1,2,7,6,6,4,7,6,6,6,6,4,6,4,4,5,4,6,4,6,AU04,275
7,7,7,7,7,7,6,7,6,7,5,2,6,6,7,7,5,5,5,5,4,4,5,4,5,4,4,5,5,5,AU04,276
7,7,7,7,7,7,5,5,4,3,5,2,7,5,6,6,3,3,6,7,7,5,7,7,7,4,7,5,6,6,AU04,277
6,7,5,7,7,5,4,5,5,5,2,1,6,6,6,1,6,6,6,6,6,6,6,6,6,6,6,4,6,4,AU04,278
7,7,7,7,7,2,2,2,2,1,4,2,6,5,3,3,3,4,6,5,6,6,6,4,4,3,5,2,4,5,AU04,279
7,6,6,7,7,5,4,6,5,6,2,2,7,6,6,6,6,6,6,4,6,5,6,6,6,6,6,6,6,6,AU04,280
6,6,6,6,6,6,6,6,5,6,1,1,7,7,7,7,6,3,6,6,6,4,4,4,4,2,4,5,4,6,AU04,281
7,7,7,7,7,3,3,6,4,4,5,2,7,7,6,6,6,4,7,5,6,4,7,4,4,4,4,6,4,6,AU04,282
7,7,7,7,7,7,7,7,7,4,4,2,7,6,6,6,7,6,5,4,7,4,6,7,4,4,6,6,6,4,AU04,283
7,7,7,7,7,6,6,7,6,7,1,1,7,7,7,7,6,7,7,7,6,6,6,6,7,6,7,7,6,7,AU04,284
7,7,7,7,7,4,4,4,4,7,4,1,6,4,4,3,7,4,4,4,4,4,5,6,6,4,6,4,6,4,AU04,285
7,7,6,7,7,6,4,7,6,5,4,2,7,7,7,7,2,4,7,5,7,7,7,6,4,4,5,7,7,7,AU04,286
7,7,7,7,7,7,7,7,7,7,5,2,1,4,4,3,4,3,5,5,5,5,5,5,6,7,5,4,5,5,AU04,287
7,5,4,7,7,2,1,4,3,2,1,2,7,6,5,6,5,6,6,6,7,6,7,5,6,6,6,6,6,6,AU04,288
7,7,7,7,7,5,4,6,2,6,1,2,7,6,7,4,6,4,6,4,6,4,6,4,4,5,4,3,4,4,AU04,289
7,7,7,7,7,7,7,7,6,7,6,1,6,6,6,6,6,5,6,6,6,6,6,6,6,6,7,6,6,6,AU04,290
7,7,7,7,7,7,7,7,6,7,3,1,6,6,6,6,3,4,6,4,6,4,6,4,4,4,4,3,4,4,AU04,291
7,7,6,7,7,5,5,6,4,5,1,2,7,7,6,6,6,4,7,6,6,6,6,6,5,4,6,6,6,6,AU04,292
1,1,7,7,6,5,4,3,2,7,1,2,7,4,6,4,6,4,5,5,4,4,6,5,4,4,6,5,5,5,AU04,293
5,4,3,5,5,1,1,2,4,1,2,3,6,6,6,2,6,2,6,6,6,6,6,6,6,4,6,3,6,3,AU04,294
7,7,7,7,7,4,5,7,5,6,1,1,7,7,6,5,6,6,6,6,6,6,6,5,5,5,6,6,6,6,AU04,295
7,7,7,7,7,6,6,5,5,5,2,1,7,6,7,6,7,4,7,6,6,6,6,6,6,5,6,6,7,6,AU04,296
7,7,7,7,7,4,4,7,4,4,5,2,7,7,7,6,7,7,7,6,7,4,6,4,4,4,4,6,4,6,AU04,297
7,5,6,6,7,5,5,6,4,4,2,2,7,6,6,6,6,5,6,5,5,5,4,5,3,4,6,5,5,5,AU04,298
7,7,7,7,7,7,7,7,7,7,6,1,7,7,6,6,5,4,7,5,6,5,4,5,6,4,5,6,6,6,AU04,299
6,5,5,6,7,5,5,5,4,4,5,1,6,5,5,6,6,4,4,4,4,4,6,4,4,4,4,6,4,5,AU04,300
7,7,7,7,7,6,4,7,7,7,1,1,7,7,6,6,3,5,6,6,6,6,6,6,6,6,6,6,6,6,AU04,301
7,7,7,7,7,7,6,7,6,7,2,1,6,7,7,7,6,4,7,6,5,6,6,4,6,4,6,7,6,6,AU04,302
7,7,5,7,7,2,1,3,1,6,1,1,6,6,6,3,3,4,4,4,4,4,4,4,4,5,4,6,4,6,AU04,303
7,7,4,4,1,4,4,4,1,1,1,2,7,6,7,4,7,6,7,4,6,4,6,4,6,6,4,6,7,5,AU04,307
7,7,7,7,7,4,4,7,4,4,1,1,7,7,7,7,7,6,7,6,6,6,6,6,4,4,6,6,6,6,AU04,309
7,7,7,1,7,1,7,7,7,7,2,1,7,7,6,7,7,6,7,4,6,4,4,4,4,6,4,6,4,6,AU04,310
7,7,7,7,7,7,6,7,6,7,1,2,6,7,6,6,6,6,6,6,6,7,6,7,6,7,6,7,6,6,AU04,311
7,6,6,7,7,5,3,5,3,6,4,1,7,7,6,6,6,6,6,6,7,6,6,6,6,6,6,7,6,6,AU04,312
7,6,7,7,7,5,4,7,5,4,3,2,6,3,7,5,6,4,6,5,5,2,4,5,3,3,3,3,4,3,AU04,313
4,4,4,5,4,4,4,4,3,4,6,1,6,6,5,6,6,4,6,4,6,4,6,4,4,4,4,3,4,4,AU04,314
7,7,6,7,7,5,6,7,5,4,1,2,6,7,6,7,6,6,6,6,6,6,6,6,6,5,6,6,6,6,AU04,315
7,7,7,7,7,7,5,7,6,7,1,1,7,7,7,7,7,4,7,4,4,4,6,4,4,4,4,6,4,6,AU04,316
7,7,6,7,7,5,4,4,4,4,1,2,7,7,6,6,6,4,6,6,6,4,6,4,4,4,4,6,6,6,AU04,317
7,7,7,7,7,7,7,7,7,7,5,5,6,6,6,6,6,6,6,6,6,6,6,6,6,6,6,6,6,6,AU04,318
7,7,6,7,7,7,6,6,6,7,2,2,7,6,6,6,6,4,5,5,6,6,5,6,6,4,6,6,6,6,AU04,319
7,7,7,7,7,4,3,3,1,1,1,1,7,7,7,7,4,6,6,5,6,4,6,4,4,2,6,7,4,4,AU04,320
7,7,7,7,7,4,4,6,4,4,1,2,6,7,7,6,6,6,6,4,5,4,5,4,4,4,4,6,4,6,AU04,321
7,7,7,6,7,4,4,4,4,4,4,1,7,7,7,6,7,7,6,7,6,7,6,7,7,6,7,7,7,6,AU04,322
7,7,7,7,7,4,5,7,5,5,1,2,7,7,7,7,6,6,6,6,6,6,6,6,6,5,6,6,6,6,AU04,323
6,7,6,6,7,4,4,6,4,4,1,2,6,7,5,4,5,4,6,6,6,6,6,6,4,5,6,3,6,5,AU04,324
7,4,7,7,7,4,4,7,4,7,2,2,1,1,7,7,1,1,1,1,1,7,7,1,1,1,7,2,1,1,AU04,325
7,7,6,7,7,5,5,6,5,4,6,2,7,6,6,6,7,4,6,6,6,6,6,5,4,6,6,6,6,6,AU04,326
7,7,6,7,7,4,4,7,4,4,1,2,6,6,6,6,6,4,6,4,6,4,6,4,4,4,4,6,4,6,AU04,327
7,7,7,7,7,7,7,7,7,7,1,2,7,7,7,7,6,6,7,7,7,4,7,4,4,6,4,7,4,6,AU04,328
7,7,7,7,7,7,4,6,4,4,1,1,7,6,4,1,6,4,4,4,4,4,4,4,4,3,4,6,4,4,AU04,329
7,7,7,7,7,1,4,4,1,1,1,1,7,7,7,4,5,4,7,4,7,4,7,4,4,4,4,6,4,4,AU04,330
4,3,2,4,5,2,1,5,2,2,1,2,5,6,6,6,2,6,3,6,3,6,6,5,6,1,6,6,6,6,AU04,331
7,5,5,6,5,4,3,4,4,4,4,2,6,5,5,4,5,4,6,5,5,5,5,5,5,5,6,6,5,6,AU04,332
7,7,7,7,7,6,7,7,4,5,3,2,7,6,7,7,7,3,6,6,6,6,7,6,5,3,5,7,6,6,AU04,333
7,6,7,7,7,7,7,7,5,7,4,1,7,6,6,6,6,4,6,6,6,6,6,6,6,6,6,6,5,5,AU04,334
7,7,6,7,7,4,4,7,4,4,1,2,6,7,6,6,6,6,6,6,6,6,6,4,4,5,5,6,6,6,AU04,335
7,7,6,7,7,4,4,7,4,4,1,1,7,7,7,7,6,4,7,4,7,4,6,4,4,5,4,7,4,6,AU04,336
7,7,7,7,7,6,4,7,6,6,1,2,7,7,6,7,7,6,6,6,6,6,6,6,6,6,6,6,6,6,AU04,337
4,4,4,4,4,4,4,4,4,4,1,1,7,7,4,4,4,1,6,1,4,4,4,1,1,1,1,7,4,4,AU04,338
7,7,6,7,7,4,4,7,4,4,5,1,7,6,6,5,7,4,7,5,5,4,6,5,4,2,5,3,4,5,AU04,339
7,7,7,7,7,7,7,7,7,7,1,2,7,7,7,7,7,7,7,7,7,7,7,7,7,7,7,7,7,7,AU04,340
7,7,7,7,7,4,4,7,4,4,1,1,7,6,6,6,6,6,6,4,6,4,6,4,4,5,4,6,4,6,AU04,341
7,7,7,7,7,7,7,7,7,7,6,2,7,7,7,7,6,7,6,6,7,6,7,5,6,5,7,6,6,6,AU04,342
7,7,7,7,7,6,6,5,5,6,6,1,6,5,6,5,2,4,4,4,4,4,6,4,5,6,4,5,4,3,AU04,343
7,7,7,7,7,6,3,5,3,5,2,2,6,2,6,2,7,6,6,6,6,6,6,6,5,4,6,6,6,6,AU04,344
7,7,7,7,7,7,7,7,7,4,2,1,7,7,7,7,7,7,7,7,7,4,7,4,4,7,4,7,4,7,AU04,345
7,7,7,7,7,6,5,5,7,3,2,2,6,6,5,6,6,6,6,5,6,5,6,5,5,5,5,6,5,5,AU04,347
7,7,7,7,7,4,4,7,4,4,4,2,6,6,6,6,6,4,6,4,6,4,6,4,4,4,4,4,4,4,AU04,348
7,7,7,7,7,3,4,5,3,5,2,2,7,6,6,6,5,4,6,4,4,4,4,4,4,4,4,6,4,4,AU04,349
7,7,2,7,7,7,4,4,5,7,2,2,6,6,6,6,6,6,6,6,6,5,6,4,4,4,4,6,4,6,AU04,350
7,7,6,7,7,5,4,5,5,3,2,2,7,7,6,7,7,6,7,6,7,6,7,4,4,4,6,6,4,6,AU04,351
7,7,6,7,7,7,6,7,5,5,6,1,7,7,7,7,7,5,7,5,7,6,7,4,7,6,5,3,5,6,AU04,352
7,7,7,7,7,7,7,7,7,7,2,2,6,6,5,5,6,5,6,6,5,6,5,5,6,6,5,6,6,6,AU04,353
7,7,7,7,7,4,5,7,5,6,1,2,7,7,7,7,7,7,7,7,7,4,7,4,4,7,4,7,4,7,AU04,354
7,6,7,7,7,4,4,7,3,4,1,2,6,5,5,6,2,6,5,4,5,3,4,4,3,4,3,6,5,5,AU04,355
7,7,7,7,7,1,1,7,1,7,5,2,2,7,7,7,6,4,6,1,3,7,3,7,1,1,7,7,7,3,AU04,356
7,7,6,6,7,6,4,6,3,5,2,2,6,6,6,6,6,4,6,5,6,5,6,5,6,6,5,5,5,6,AU04,357
7,7,7,7,7,5,4,6,5,4,2,2,7,7,7,7,5,4,6,6,6,5,6,5,6,5,6,5,6,5,AU04,358
7,7,7,7,7,7,6,7,6,6,1,2,7,7,7,7,6,5,7,6,6,4,6,6,6,5,4,6,4,7,AU04,360
7,7,7,7,7,7,6,6,6,6,2,2,7,6,6,6,6,5,6,5,5,5,6,4,4,5,4,6,4,6,AU04,361
7,7,7,7,7,4,4,4,3,5,1,1,7,5,5,5,7,4,6,6,6,4,6,6,5,4,6,6,6,6,AU04,362
7,7,7,7,7,5,4,5,2,5,1,1,7,7,7,7,7,5,7,6,6,4,7,6,4,4,6,5,6,6,AU04,363
7,6,6,7,7,5,6,6,7,4,1,1,6,6,6,6,6,2,6,4,5,4,4,4,4,2,4,6,4,4,AU04,364
6,6,6,7,6,5,5,5,3,2,6,2,4,4,5,4,4,4,4,4,4,4,4,5,4,4,5,3,3,4,AU04,365
6,7,5,7,7,5,4,4,5,4,5,1,7,6,5,4,6,6,6,5,5,5,6,4,4,5,4,6,5,6,AU04,366
7,6,6,7,7,5,5,5,5,5,2,2,6,6,5,5,6,5,6,6,6,6,6,6,6,4,6,6,6,6,AU04,367
7,6,5,5,7,4,4,6,4,5,3,1,6,6,6,6,6,6,6,6,6,4,6,6,6,6,6,6,6,6,AU04,368
7,6,7,7,7,4,4,6,4,4,2,2,6,6,6,6,1,4,6,5,5,4,6,5,5,4,5,6,6,5,AU04,369
7,7,7,7,7,5,5,5,6,7,5,2,7,7,6,5,7,7,7,7,7,7,7,7,6,7,7,7,7,7,AU04,370
7,7,7,7,7,7,7,7,7,7,6,2,6,7,6,6,6,6,6,6,6,6,6,6,6,6,6,6,6,6,AU04,371
6,6,4,7,6,5,4,4,4,4,4,2,6,4,4,4,5,4,6,4,4,4,4,4,4,4,4,4,4,4,AU04,372
7,7,6,7,7,5,6,7,6,6,4,1,7,6,6,5,5,4,5,5,5,4,5,6,6,4,6,5,6,3,AU04,373
6,6,6,6,7,6,6,6,6,6,4,1,7,7,7,7,6,6,7,7,7,7,7,7,7,6,7,5,6,7,AU04,375
7,7,6,7,7,4,4,4,4,5,2,2,7,7,7,7,5,4,7,4,4,4,4,4,4,3,4,6,4,5,AU04,376
7,7,7,7,7,7,6,7,6,7,1,2,7,7,7,7,7,6,7,6,7,6,6,6,6,6,6,6,6,6,AU04,377
7,7,7,7,7,7,7,7,7,7,2,1,7,7,6,7,6,6,7,7,7,6,6,7,6,6,7,6,7,6,AU04,378
7,7,7,7,7,7,7,7,7,7,2,1,7,7,7,7,7,6,6,6,7,6,6,6,6,7,6,6,6,6,AU04,379
7,6,6,7,7,5,4,4,4,4,6,1,6,6,6,6,6,4,6,4,6,4,6,4,4,2,4,3,4,4,AU04,380
7,7,4,7,7,7,3,5,5,5,6,1,7,7,6,6,5,4,6,4,2,4,4,4,4,3,4,6,5,4,AU04,381
7,7,7,7,7,6,6,6,6,6,5,2,6,6,6,6,6,6,6,6,6,6,6,6,6,6,6,6,6,6,AU04,382
6,6,4,6,7,1,1,5,3,1,1,2,7,6,7,6,7,6,6,6,6,4,6,4,2,5,4,5,6,6,AU04,383
7,7,6,7,7,4,4,5,5,5,1,2,7,7,7,7,7,6,7,6,6,6,6,6,6,3,6,3,6,6,AU04,384
7,7,7,7,7,7,7,7,7,7,1,1,7,7,7,7,7,5,7,7,7,7,7,7,7,7,7,7,7,7,AU04,386
7,5,6,5,7,4,5,5,4,4,2,1,6,7,7,6,7,6,6,6,6,4,6,4,4,4,6,6,4,6,AU04,387
7,7,7,7,7,5,5,6,1,5,1,2,7,7,6,6,6,4,7,4,6,4,7,4,4,4,4,7,4,6,AU04,388
7,7,7,7,7,7,7,7,7,7,1,1,7,7,7,7,6,7,7,7,7,7,6,6,6,7,6,6,7,7,AU04,389
6,4,4,7,6,4,3,4,3,1,2,2,6,6,6,6,7,4,7,6,6,6,6,6,6,6,6,6,6,6,AU04,390
7,4,4,7,7,4,4,4,4,4,1,2,7,7,4,7,7,4,7,4,7,4,4,2,4,4,4,6,4,6,AU04,397
7,5,5,5,7,3,4,6,1,2,7,2,7,3,7,7,6,7,5,3,3,3,4,2,5,4,4,2,4,2,US00,398
7,3,5,5,7,5,7,6,7,4,5,2,3,4,3,1,2,6,5,4,7,2,3,4,4,3,2,4,3,4,US00,399
7,6,6,7,7,1,1,4,1,4,1,1,7,7,7,3,3,6,4,4,4,4,4,4,4,4,4,6,4,4,US00,400
7,7,7,7,7,7,6,7,6,7,7,7,7,6,6,6,7,6,6,6,7,7,6,6,6,6,7,6,6,7,US00,401
5,5,4,5,3,3,3,2,3,2,3,2,6,5,5,4,6,5,4,5,4,5,3,4,6,4,6,6,5,6,US00,402
6,5,4,5,6,4,3,4,4,4,2,2,6,7,7,6,6,6,6,4,6,5,6,6,6,6,5,6,4,5,US00,403
7,4,4,6,6,4,4,4,2,4,2,3,7,4,7,5,4,2,4,4,4,4,4,4,4,4,4,3,4,4,US00,404
7,6,3,7,4,7,6,2,7,3,6,6,5,6,5,7,6,5,5,6,7,7,6,6,6,6,6,7,7,7,US00,405
6,3,3,6,6,6,6,6,6,6,6,5,5,5,6,5,6,6,5,6,6,6,6,6,6,6,6,5,6,6,US00,406
7,5,7,7,7,7,7,2,7,2,5,1,7,4,6,7,5,7,4,6,6,5,6,6,7,5,6,6,3,1,US00,407
6,4,6,6,6,3,2,4,4,4,6,2,5,6,6,5,5,5,5,5,5,5,5,5,4,4,4,5,5,5,US00,408
6,3,6,6,7,3,2,5,2,6,1,1,7,6,6,4,7,6,6,6,6,6,6,6,6,6,6,4,6,7,US00,409
1,1,4,1,1,4,1,1,4,1,1,1,7,7,1,1,7,6,4,4,4,4,7,4,4,4,4,4,4,1,US00,410
5,4,5,6,6,4,4,4,3,4,2,2,7,5,7,4,7,7,7,7,7,7,7,6,7,7,7,7,6,6,US00,411
7,7,7,7,7,1,7,1,7,7,7,6,7,7,6,6,6,6,7,7,6,7,7,6,7,7,6,7,7,7,US00,412
2,6,6,6,6,5,3,5,2,6,1,1,6,5,6,5,5,5,6,5,5,5,4,5,5,4,6,6,5,4,US00,413
3,2,4,4,4,3,4,3,2,4,6,3,4,6,2,5,3,3,5,5,3,5,4,5,6,2,5,6,5,5,US00,414
7,7,7,7,7,1,2,4,1,4,5,2,7,5,5,5,6,2,5,4,5,4,4,4,4,3,4,6,4,6,US00,415
7,6,4,3,4,6,6,7,4,5,7,6,6,7,7,6,6,7,7,6,7,6,7,7,4,7,7,6,6,6,US00,416
7,7,7,7,7,7,7,7,6,7,2,1,7,7,7,7,7,7,7,7,7,7,7,7,7,7,7,7,7,7,US00,417
7,7,7,7,7,4,3,6,4,6,3,1,6,4,6,5,5,4,5,3,6,3,5,4,3,2,2,5,4,3,US00,418
6,5,6,6,6,5,3,4,3,4,4,2,4,4,5,4,5,5,5,4,4,5,4,5,5,4,5,5,5,5,US00,419
5,4,4,6,7,3,2,4,3,4,1,2,7,6,5,4,4,7,7,4,7,4,6,4,4,4,4,5,4,4,US00,420
5,4,6,5,6,5,6,4,4,4,7,7,7,7,6,7,7,6,4,5,4,6,4,5,7,7,4,6,7,4,US00,421
7,7,7,7,7,1,1,2,4,4,1,1,6,6,5,3,6,5,7,4,6,4,5,4,4,4,4,6,4,1,US00,422
7,7,7,7,7,1,1,1,4,4,2,1,7,7,6,6,7,7,7,6,4,4,6,4,4,4,4,6,4,4,US00,423
7,7,5,7,7,6,4,4,4,3,1,1,7,7,7,7,7,4,6,4,7,6,4,4,4,4,4,4,4,4,US00,424
7,7,7,7,7,4,5,7,6,5,2,2,7,5,6,6,6,4,6,4,4,4,6,4,6,4,4,6,4,3,US00,425
7,6,6,7,6,6,6,6,6,6,4,1,4,5,4,4,4,4,5,4,4,4,4,4,6,4,4,4,4,4,US00,426
7,4,4,7,7,4,3,4,4,4,7,1,7,7,4,7,7,3,5,4,7,4,4,4,4,5,2,5,4,4,US00,427
4,5,2,3,3,1,5,5,6,6,6,5,5,5,5,6,5,6,4,6,5,6,6,4,5,5,4,4,6,6,US00,428
7,7,7,7,7,7,7,7,7,7,1,3,6,6,6,6,6,6,6,6,6,6,6,6,6,6,6,6,6,6,US00,429
7,7,7,7,7,4,4,7,3,4,1,1,7,7,7,7,7,6,7,6,7,7,7,6,6,7,6,7,7,7,US00,430
6,7,4,7,7,4,1,6,2,4,5,2,5,6,6,4,7,5,7,5,7,4,7,5,5,5,5,5,5,4,US00,431
7,7,6,1,1,6,6,2,2,2,1,1,7,7,7,7,7,7,7,6,7,7,7,7,6,7,6,7,6,7,US00,432
7,7,7,7,7,6,6,7,6,6,2,1,6,6,6,6,6,6,6,6,6,6,6,6,6,6,6,6,6,6,US00,433
7,7,7,7,7,7,4,7,5,3,2,1,7,7,6,2,7,4,7,6,7,6,6,4,4,5,4,4,5,6,US00,434
7,6,7,7,7,5,3,5,3,6,2,1,6,6,6,6,6,5,6,4,5,4,5,4,4,6,4,6,4,6,US00,435
6,6,5,6,6,2,4,4,2,4,2,2,6,5,5,2,5,6,6,4,6,5,5,4,4,3,4,6,4,4,US00,436
7,7,5,7,7,5,4,4,4,6,1,1,6,6,5,3,3,4,6,4,5,4,4,4,4,4,4,5,4,5,US00,437
7,7,7,7,7,7,7,7,7,7,7,1,4,4,3,1,4,3,6,1,5,5,4,2,1,1,3,3,7,1,US00,438
1,1,1,1,1,5,1,1,1,1,2,2,7,7,6,6,6,7,7,7,7,7,7,7,7,7,7,7,7,7,US00,439
7,7,5,5,5,4,4,5,4,4,1,1,6,4,6,6,6,6,4,5,5,4,4,4,4,4,4,6,6,5,US00,440
1,1,1,7,1,1,1,1,7,7,5,1,7,7,6,7,7,5,6,7,7,5,6,5,5,5,5,5,5,5,US00,441
4,4,4,4,4,7,1,1,1,1,1,1,7,7,3,5,6,4,6,4,6,4,4,4,4,3,4,4,4,4,US00,442
4,6,7,7,6,6,5,6,2,6,4,1,6,5,5,5,4,4,4,4,4,4,4,4,4,4,4,4,4,4,US00,443
7,6,2,6,7,4,1,4,2,4,1,1,6,4,6,6,6,6,6,6,6,6,6,6,6,6,6,6,6,6,US00,444
7,5,6,6,7,7,4,6,5,6,5,1,7,6,7,7,6,5,6,7,5,4,6,6,6,5,7,5,5,2,US00,445
7,7,7,7,7,6,7,7,6,7,1,1,7,7,7,7,7,4,5,4,7,4,4,4,4,4,4,4,4,4,US00,446
7,5,5,6,7,4,2,6,4,4,3,1,6,6,6,5,5,5,7,4,5,4,4,4,4,4,4,5,4,3,US00,447
7,7,7,7,7,7,1,4,5,7,1,2,7,6,7,5,7,4,6,4,7,4,7,7,4,4,4,4,4,4,US00,448
1,1,6,7,7,4,4,4,4,4,4,1,6,4,5,5,6,6,5,5,5,5,6,6,4,4,4,4,5,5,US00,449
7,5,5,5,7,4,3,6,4,4,2,2,7,6,6,6,7,6,6,6,6,5,7,6,6,5,6,7,6,6,US00,450
4,3,1,1,1,2,5,4,6,6,1,1,4,4,4,4,4,4,4,4,4,4,4,4,4,4,4,4,4,4,US00,451
7,7,7,7,7,7,7,7,7,7,7,6,6,7,7,7,7,7,6,6,7,6,6,6,7,6,6,7,6,7,US01,452
7,7,7,7,7,5,5,6,7,6,1,2,7,5,5,4,7,6,6,5,7,5,7,5,5,4,5,6,3,6,US01,453
3,4,4,4,4,5,4,4,4,4,6,5,6,6,6,6,5,5,6,5,6,6,6,5,5,6,6,6,5,5,US01,454
5,5,5,5,5,5,3,5,4,5,5,2,4,3,3,3,4,3,4,5,4,5,4,5,5,4,4,4,4,4,US01,455
6,6,6,6,6,6,6,6,6,6,6,4,5,6,6,6,6,6,6,6,5,5,6,6,6,6,6,6,5,5,US01,456
7,7,7,7,7,2,1,1,3,3,6,4,6,1,2,1,1,4,6,4,6,6,4,4,4,4,4,1,3,4,US01,457
5,6,3,4,1,2,6,7,6,5,4,4,6,6,5,5,6,6,6,6,5,6,7,7,6,4,6,6,5,5,US01,458
7,6,7,7,7,4,5,6,4,5,2,3,6,2,6,1,5,6,5,5,4,4,4,4,4,4,4,5,4,4,US01,459
7,7,6,7,7,7,7,7,6,7,7,7,7,7,7,7,6,7,7,6,6,6,7,7,7,7,6,6,6,7,US01,460
6,3,5,5,4,3,5,3,4,4,2,1,5,1,5,5,6,5,5,3,4,4,5,5,3,5,4,5,4,5,US01,461
7,4,6,6,7,4,5,4,3,5,5,3,5,3,4,5,5,5,4,4,4,5,3,4,3,2,5,4,3,4,US01,462
2,6,6,2,3,6,2,2,2,2,7,3,5,1,1,1,2,4,5,4,5,4,5,5,4,2,4,5,2,2,US01,463
6,2,6,6,6,6,5,5,5,6,2,2,4,5,5,5,5,5,5,5,5,4,5,4,5,5,5,6,5,5,US01,464
7,7,7,7,7,7,7,7,7,7,6,5,5,6,6,6,7,6,5,6,5,6,5,7,6,7,5,7,6,6,US01,465
6,6,2,6,6,3,2,2,2,2,2,2,5,5,4,2,6,3,5,4,3,4,4,5,4,5,4,1,5,3,US01,466
5,6,7,4,7,4,5,5,3,5,4,1,6,6,6,5,6,6,5,6,6,6,6,6,6,4,6,6,5,5,US01,467
7,7,7,6,7,4,7,6,4,6,4,1,5,4,5,5,5,5,5,5,5,5,5,5,5,5,5,6,5,5,US01,468
7,7,7,7,7,7,7,7,7,7,7,7,7,6,6,6,7,7,7,7,7,6,7,7,7,7,6,7,7,6,US01,469
7,7,7,7,7,3,3,4,3,6,3,3,6,6,6,5,6,6,6,7,6,6,6,6,6,6,6,6,6,7,US01,470
7,4,7,7,7,4,4,4,4,4,1,1,7,4,7,4,7,4,7,4,7,4,7,4,4,7,4,7,4,4,US01,471
6,6,6,6,7,5,4,4,3,4,2,1,6,6,5,6,6,5,6,6,6,6,6,5,6,5,5,6,5,6,US01,472
7,4,4,7,7,4,4,4,4,4,1,2,7,4,6,4,6,6,7,7,7,5,7,6,6,4,7,7,6,6,US01,473
4,4,5,3,6,3,2,1,3,4,1,1,5,1,1,1,5,5,4,4,4,4,5,4,4,3,4,5,4,4,US01,474
7,7,7,7,7,7,7,7,7,7,5,2,7,7,7,6,6,6,6,7,6,7,7,7,6,6,6,7,7,6,US01,475
7,7,7,7,7,4,4,4,4,4,4,3,7,4,4,1,7,1,3,6,6,7,4,6,5,1,7,7,6,7,US01,476
4,5,4,7,7,4,3,4,4,3,1,1,4,4,4,4,4,4,4,4,4,4,4,4,4,4,4,4,4,4,US01,477
7,7,7,7,7,7,7,7,7,7,2,1,7,7,7,7,7,7,7,7,7,7,7,7,7,7,7,7,7,7,US01,478
5,5,5,4,7,4,3,2,3,5,4,2,4,4,2,2,3,5,2,3,4,4,4,4,4,4,4,5,3,5,US01,479
7,5,4,7,7,1,1,5,1,1,6,1,6,7,6,4,6,4,5,3,6,3,5,2,3,4,1,5,6,2,US01,480
7,6,7,7,7,7,6,6,6,6,3,3,6,6,6,6,6,6,6,6,6,6,6,6,6,6,6,6,6,6,US01,481
5,5,5,5,5,5,3,3,4,5,3,4,5,4,5,5,5,5,5,5,4,5,5,4,5,4,5,5,5,5,US01,482
7,7,7,7,7,5,2,4,1,6,2,2,7,6,6,6,7,4,7,7,7,7,7,7,4,5,4,5,6,7,US01,483
7,7,7,7,7,7,4,1,1,4,4,1,1,2,1,1,1,4,1,1,1,1,1,4,1,4,1,1,1,1,US01,484
7,7,6,7,7,5,6,5,5,5,2,1,6,6,6,3,6,4,5,4,5,4,5,4,4,4,4,4,4,4,US01,485
7,7,7,7,7,6,5,5,6,4,1,2,7,7,7,6,7,6,7,5,7,6,7,5,5,5,5,5,4,5,US01,486
1,1,1,1,4,1,1,1,1,1,4,1,6,2,3,2,4,4,6,4,4,4,4,4,4,4,4,4,4,4,US01,487
6,6,6,6,6,6,4,3,2,4,1,1,6,5,6,6,6,4,6,6,5,4,4,4,4,4,4,4,4,5,US01,488
7,7,7,7,7,7,2,7,7,6,2,1,7,4,6,6,6,5,5,4,4,4,5,4,4,4,4,5,4,3,US01,489
7,6,7,7,7,4,4,4,6,6,2,1,7,4,3,3,6,4,4,2,2,2,2,2,2,2,2,4,2,2,US01,490
7,4,7,7,7,4,4,4,4,4,4,2,7,4,6,4,7,6,6,5,7,5,6,6,5,5,5,6,5,6,US01,491
7,5,6,7,5,5,4,6,4,3,1,1,7,7,7,6,7,7,7,7,7,4,7,7,7,7,7,7,7,7,US01,492
7,7,5,6,7,3,2,2,2,2,1,1,7,7,7,7,7,7,7,7,7,6,7,6,6,6,6,6,6,7,US01,494
7,7,7,7,7,4,4,6,1,7,2,1,7,4,5,5,7,5,7,5,6,6,6,4,4,3,4,6,4,6,US01,495
7,5,3,7,7,4,2,3,1,4,4,1,7,3,3,3,3,4,5,4,4,4,4,4,4,4,4,4,4,4,US01,496
7,7,7,7,7,4,4,4,4,7,4,1,6,3,5,2,3,4,6,4,5,4,4,4,2,1,4,4,4,4,US01,497
7,4,7,7,7,7,7,7,4,4,2,1,7,7,6,7,7,7,7,7,7,7,6,7,7,6,7,7,7,7,US01,498
7,6,7,7,7,6,2,7,4,4,1,1,6,6,6,3,6,6,6,4,6,4,6,4,4,6,4,5,4,6,US01,499
6,6,5,6,7,5,4,6,4,5,1,1,7,7,6,6,6,6,6,5,6,5,6,5,5,5,5,6,5,6,US01,500
7,7,7,7,7,7,7,7,7,7,2,3,6,5,6,5,6,6,6,6,6,6,5,6,6,4,6,6,5,6,US01,501
1,2,2,6,3,5,3,7,4,4,5,6,7,6,5,5,6,6,5,7,7,6,5,5,6,6,6,7,6,6,US01,502
7,7,6,7,7,6,7,7,5,7,1,1,7,1,1,4,1,7,7,4,4,4,7,7,7,4,7,7,4,7,US01,503
2,5,2,1,7,5,1,2,2,4,7,1,1,1,7,1,7,1,1,1,7,1,7,7,5,7,7,1,1,1,US01,504
2,3,5,5,6,7,3,4,1,2,2,1,7,6,6,7,4,7,7,7,5,6,7,7,6,7,6,6,5,7,US01,505
2,1,6,7,7,6,2,2,3,2,6,6,7,6,6,6,7,7,7,7,7,7,6,7,6,6,6,6,6,7,US01,506
7,7,7,6,7,4,4,7,4,5,4,2,4,4,4,4,4,4,4,4,4,4,4,4,4,4,4,4,4,4,US01,507
7,7,7,7,7,4,5,7,5,7,7,4,7,7,5,3,7,4,7,5,6,6,5,6,5,5,4,7,5,5,US01,508
7,7,7,7,7,5,2,5,3,5,1,1,7,5,6,5,5,6,7,7,6,7,7,7,6,6,6,6,6,6,US01,509
6,6,6,6,6,6,6,6,6,6,6,6,6,6,6,6,5,6,6,6,6,6,6,6,6,6,6,6,6,6,US01,510
7,7,7,7,7,7,7,7,7,7,1,4,7,4,4,4,4,4,4,4,4,4,4,4,4,4,4,4,4,4,US01,511
7,7,7,4,7,4,4,4,4,4,4,4,4,4,4,4,4,4,4,4,4,4,4,4,4,4,4,4,4,4,US01,512
7,7,6,6,6,6,4,6,4,6,1,2,4,3,4,3,3,2,2,4,4,3,4,3,3,3,3,2,4,4,US01,513
7,7,7,7,7,7,7,7,5,7,1,7,7,7,7,7,7,7,7,7,7,7,7,7,7,7,7,7,7,7,US01,514
6,5,4,4,4,4,4,5,4,4,1,1,5,4,3,5,4,4,6,5,5,4,5,4,5,5,5,5,3,4,US01,515
7,6,3,5,7,1,1,2,1,2,1,1,7,1,1,2,6,4,6,4,6,4,4,4,4,4,4,4,4,4,US01,516
4,4,3,3,2,3,3,2,3,4,2,2,6,2,4,2,6,6,6,5,6,6,6,6,5,5,6,4,6,5,US01,517
6,5,4,6,7,6,2,3,4,7,1,1,6,6,7,7,7,6,7,7,7,7,6,6,6,5,5,7,6,6,US01,518
7,7,7,7,7,4,4,4,4,4,1,1,6,7,7,7,7,6,7,4,5,4,4,7,5,1,4,6,7,5,US01,519
6,6,6,6,6,2,2,2,2,6,1,2,7,6,6,6,6,6,6,6,6,6,6,5,4,6,6,7,6,6,US01,520
5,4,4,4,4,3,4,7,7,5,3,1,5,4,6,5,6,6,5,6,5,4,5,5,6,5,4,5,5,5,US01,521
6,5,6,6,4,5,3,4,4,5,2,1,6,6,6,6,6,4,6,4,4,4,4,4,4,6,4,4,5,4,US01,522
3,4,4,4,4,7,1,1,1,7,1,2,6,6,4,6,6,7,6,7,6,7,6,5,4,4,6,7,6,6,US01,524
3,4,5,6,5,4,4,5,2,3,2,2,4,5,3,4,6,5,5,5,4,5,4,3,5,6,6,3,4,4,US01,525
4,3,5,4,6,5,4,2,3,5,4,1,5,4,5,3,6,6,5,5,4,5,4,5,6,5,5,5,4,5,US01,526
7,7,7,7,7,2,2,3,2,1,5,1,7,5,7,6,7,6,6,6,7,6,7,6,6,6,6,5,6,7,US01,527
7,7,7,7,7,4,5,7,4,5,4,1,7,7,7,7,7,4,7,4,6,4,4,4,4,4,4,4,4,4,US01,528
1,2,7,1,7,4,7,6,7,7,2,1,6,2,4,3,5,3,4,3,4,3,4,2,2,2,3,4,4,3,US01,529
7,7,7,7,7,7,4,4,4,7,1,1,6,6,4,3,7,6,6,4,6,6,6,4,4,5,4,6,6,6,US01,530
6,7,6,4,7,3,3,4,3,5,1,1,7,5,4,6,6,6,6,6,6,6,6,6,5,5,6,7,6,5,US01,531
7,7,7,7,1,7,5,6,4,7,1,2,7,7,7,5,7,7,6,6,6,6,6,6,4,7,6,7,4,7,US01,532
7,7,7,7,7,5,4,2,4,2,4,1,7,6,4,5,4,4,4,4,7,4,4,4,4,4,4,4,4,4,US01,533
7,7,7,7,7,7,7,7,7,7,1,1,7,7,7,7,6,4,6,4,6,4,6,5,4,6,6,4,6,6,US01,534
6,6,6,6,6,5,4,4,4,5,2,1,6,6,6,4,6,6,6,6,6,5,6,5,6,6,6,6,6,6,US01,535
7,7,7,7,7,7,7,7,7,7,3,3,7,4,5,7,4,5,4,5,5,7,7,6,6,6,5,7,5,7,US01,536
4,1,2,1,7,1,2,1,1,2,1,2,7,6,6,2,6,7,7,7,7,7,7,7,7,7,7,7,7,7,US01,537
7,7,7,7,7,7,4,7,4,7,4,1,4,4,4,4,4,4,4,5,4,4,4,4,4,4,4,4,4,4,US01,538
3,3,6,7,7,3,2,4,2,5,1,1,4,4,4,5,4,3,3,4,4,4,4,3,3,4,3,4,4,4,US01,539
5,6,5,6,3,1,2,2,2,3,2,1,6,4,6,6,6,6,6,6,6,6,6,6,6,6,6,6,6,6,US01,540
7,7,7,7,7,7,5,7,6,6,2,1,6,6,4,5,5,6,6,4,5,4,6,4,4,4,4,6,4,6,US01,541
7,7,4,7,4,3,4,6,3,4,1,1,7,6,7,5,7,6,6,4,7,5,6,7,4,5,4,7,5,6,US01,542
7,7,7,7,7,4,2,1,4,4,1,1,7,6,7,5,5,7,7,7,6,7,7,7,6,6,7,7,7,7,US01,543
7,1,6,2,1,6,6,6,7,7,6,7,5,7,5,6,7,5,5,6,5,6,5,6,6,5,7,7,6,6,US01,544
6,3,3,4,5,2,4,3,2,3,2,1,6,6,5,5,5,5,4,4,4,4,4,4,4,3,5,4,4,4,US01,545
7,7,7,7,7,7,1,1,7,7,1,1,5,6,6,1,6,6,6,6,4,5,4,5,5,3,5,6,4,4,US01,546
7,7,7,7,7,4,1,5,3,5,1,2,7,7,5,5,3,6,6,5,6,4,6,7,6,5,5,6,7,6,US01,547
7,4,7,7,7,5,1,4,5,4,4,1,7,4,3,1,6,4,1,6,7,4,4,4,4,4,4,2,4,6,US01,548
6,5,5,4,3,3,3,3,6,4,3,2,6,5,5,3,5,4,5,4,4,4,5,4,4,4,4,5,4,4,US01,549
7,7,7,7,7,1,2,2,1,1,5,2,5,2,3,2,5,2,4,2,3,3,3,3,3,4,3,5,2,3,US01,550
5,6,6,6,7,4,2,4,4,4,1,1,7,4,6,4,6,7,7,6,7,6,6,7,6,4,7,6,6,4,US01,551
6,6,6,6,6,4,4,4,2,4,1,1,7,4,6,4,6,5,5,4,4,4,4,4,4,3,4,6,4,5,US01,552
7,7,7,7,7,7,7,7,7,7,1,2,6,7,7,6,7,7,6,6,7,6,7,7,6,6,7,7,7,7,US01,553
6,6,5,6,7,6,7,7,7,6,5,1,5,7,7,7,7,2,1,2,6,6,5,4,5,3,2,1,3,3,US01,555
7,7,6,5,7,6,4,4,5,5,3,2,7,2,6,2,4,4,4,4,4,4,4,4,4,4,4,5,4,4,US01,557
5,5,5,4,6,4,4,2,4,4,1,2,5,3,3,2,4,4,5,5,5,5,5,5,5,4,5,5,5,5,US01,558
7,7,5,7,7,5,4,5,4,7,2,1,7,7,7,7,7,7,7,7,7,7,7,4,6,7,6,7,7,5,US01,559
7,7,7,7,7,2,3,6,3,7,5,2,5,1,1,1,6,3,5,4,2,4,4,3,1,3,4,5,4,5,US01,560
7,7,7,7,7,4,4,4,4,7,1,1,6,4,6,3,3,4,6,4,4,4,6,4,4,4,4,3,4,4,US01,561
6,6,4,4,5,5,5,5,5,5,5,2,6,3,5,4,4,5,5,5,6,4,6,5,5,4,4,6,4,4,US01,562
7,7,6,7,7,2,2,2,2,4,3,1,7,1,1,2,6,6,2,6,1,5,5,5,1,1,5,5,6,5,US01,563
7,7,7,7,7,6,5,6,4,5,1,2,7,7,6,7,7,6,7,6,7,7,7,4,4,5,6,7,6,6,US01,564
7,7,7,7,7,4,1,7,1,7,1,1,7,7,7,7,7,7,7,7,7,7,7,7,7,7,7,7,7,7,US01,565
3,4,4,4,4,3,3,4,4,4,1,1,5,5,5,5,5,5,5,4,5,4,4,5,5,4,4,5,5,4,US01,566
6,7,7,7,7,6,7,7,7,6,1,1,7,2,3,2,7,4,5,4,4,4,4,4,4,4,4,5,4,4,US01,567
7,6,7,6,7,4,4,4,4,4,2,1,6,5,5,4,3,4,4,4,4,4,4,4,4,3,4,5,4,4,US01,568
7,7,7,7,7,4,3,4,4,7,1,1,7,3,4,3,7,4,4,4,4,6,4,4,4,5,4,6,4,4,US01,569
7,6,7,6,7,7,2,4,6,3,1,1,6,7,5,5,6,6,6,7,7,6,5,5,7,6,7,6,7,5,US01,570
7,7,7,7,7,6,4,5,4,4,1,1,7,6,7,5,7,4,6,4,6,4,6,4,4,4,4,6,4,6,US01,571
7,7,7,7,7,4,4,7,4,4,1,1,7,6,6,6,6,6,6,5,6,4,6,4,4,5,4,6,4,5,US01,572
7,7,7,7,7,5,4,7,4,4,3,1,7,6,6,6,6,6,6,5,6,6,5,5,6,6,5,5,6,6,US01,573
7,7,7,7,7,1,1,6,1,2,1,1,6,6,6,6,6,6,6,4,6,4,4,4,6,4,4,6,4,4,US01,574
7,7,4,7,7,3,1,1,1,1,1,1,7,1,3,1,6,4,6,4,6,4,4,4,4,3,4,6,4,4,US01,575
6,6,4,4,7,3,4,3,5,5,2,2,6,1,2,1,5,6,5,4,3,3,5,4,4,4,4,4,4,4,US01,576
6,5,6,6,6,6,4,3,2,4,2,1,5,4,5,5,6,4,5,5,5,4,4,5,4,4,6,6,5,5,US01,577
7,7,2,6,7,2,2,1,3,4,1,1,7,7,1,2,5,4,5,5,4,5,5,4,2,4,4,5,5,4,US01,578
7,4,7,7,7,7,7,4,1,3,1,1,7,7,7,7,6,7,7,6,6,7,7,1,1,7,7,7,7,7,US01,580
1,7,1,1,4,1,1,1,1,1,1,1,4,4,4,4,4,4,4,4,4,4,4,4,4,4,4,4,4,4,US02,581
7,7,7,7,7,1,1,4,1,1,1,1,7,6,5,5,7,4,4,4,4,4,7,4,4,4,4,2,4,5,US02,582
7,7,7,7,7,6,2,5,2,5,5,1,7,1,7,7,4,4,7,6,7,4,4,4,4,4,4,7,4,7,US02,583
7,6,4,4,7,5,4,2,4,6,2,1,7,3,2,5,6,4,4,4,4,4,4,4,4,4,4,4,4,4,US02,584
7,7,7,7,7,7,2,7,7,4,6,2,4,3,5,1,2,2,4,4,6,3,3,4,3,3,3,3,1,2,US02,585
6,6,5,7,1,6,4,6,4,5,1,2,7,7,6,6,6,4,7,6,7,6,7,6,4,6,6,6,6,6,US02,586
6,6,5,5,6,6,4,6,4,6,1,3,6,6,6,4,5,5,5,5,5,5,5,5,5,6,5,5,6,6,US02,587
6,5,7,7,7,2,2,3,2,2,3,3,7,6,7,2,5,7,7,7,7,7,7,6,3,6,6,7,6,7,US02,588
7,6,6,6,7,6,6,6,6,6,1,2,7,6,6,6,7,7,6,7,7,7,7,7,6,6,6,7,7,7,US02,589
7,7,7,7,7,4,4,4,4,7,4,1,7,5,5,4,6,6,5,4,6,4,6,4,4,5,4,6,4,6,US02,590
5,5,5,6,6,2,2,4,3,2,1,1,7,7,6,6,7,6,6,5,7,4,6,4,4,5,4,6,4,6,US02,591
7,4,7,7,7,4,4,4,2,4,2,1,7,5,5,3,1,4,6,4,7,5,6,4,5,5,4,4,4,4,US02,592
7,2,7,7,7,6,6,5,2,2,1,1,7,6,3,6,7,7,6,4,6,4,6,4,4,4,4,6,4,6,US02,593
7,7,7,7,7,5,1,6,1,5,1,1,7,6,7,7,7,4,4,6,7,4,7,4,6,4,4,6,4,4,US02,594
7,6,7,7,7,6,5,5,6,7,1,1,7,7,7,7,7,6,7,6,7,6,6,6,7,6,6,5,6,6,US02,595
7,7,6,7,7,5,4,5,4,5,1,1,7,7,7,6,7,7,7,4,7,4,7,4,4,4,4,7,4,7,US02,596
2,6,6,6,7,5,4,4,4,5,2,1,6,7,5,5,6,6,6,6,7,6,6,4,4,4,5,6,6,6,US02,597
7,6,7,7,7,5,4,5,4,6,1,1,6,6,6,6,6,6,6,6,6,6,6,4,4,6,6,6,4,6,US02,598
7,7,7,7,7,4,4,4,4,4,1,1,6,6,4,2,6,6,6,4,6,4,6,4,1,1,4,6,4,4,US02,599
7,6,6,7,7,6,6,6,5,6,3,2,6,6,5,6,5,5,5,5,5,5,5,5,4,4,5,5,5,5,US02,600
1,1,1,1,1,1,1,1,1,1,2,1,6,1,6,1,1,6,6,6,3,6,6,3,6,6,3,6,6,6,US02,601
7,7,7,7,7,7,6,6,6,6,2,2,6,5,6,6,6,4,6,4,6,4,4,4,4,4,4,4,4,4,US02,602
7,7,7,7,7,7,6,7,6,7,5,1,6,6,6,6,6,6,6,6,6,6,6,6,2,4,6,6,6,6,US02,603
7,4,4,7,7,5,6,6,4,4,1,1,6,5,4,3,4,4,5,4,5,4,4,4,4,5,4,1,5,4,US02,604
7,7,7,7,7,6,6,7,6,6,2,1,7,7,7,7,7,7,7,4,7,4,7,4,4,4,4,7,4,4,US02,605
7,6,5,6,7,4,4,6,4,4,1,1,7,7,7,7,7,7,7,4,7,4,7,4,4,4,4,7,4,7,US02,606
7,6,5,6,6,6,5,2,5,4,1,3,6,6,6,3,6,6,7,5,6,4,6,4,4,3,4,7,4,5,US02,607
7,7,7,7,7,6,5,7,6,7,1,1,6,6,7,3,5,4,6,4,6,7,6,6,6,6,6,4,4,4,US02,608
7,7,7,7,7,4,4,4,4,6,4,1,6,6,6,6,6,6,6,6,6,6,6,6,6,6,6,6,6,6,US02,609
7,7,7,6,7,5,4,6,6,4,1,3,7,7,7,4,7,7,6,3,6,7,7,3,4,4,5,7,7,7,US02,610
7,7,6,6,7,6,7,6,7,3,6,3,6,7,6,6,7,7,6,7,7,7,7,7,7,7,7,7,7,7,US02,611
7,7,7,7,7,4,4,7,4,4,1,1,7,7,7,7,7,7,7,4,7,7,7,4,7,7,4,7,4,7,US02,612
6,6,6,7,6,4,4,4,4,4,2,2,7,4,6,4,6,6,7,6,5,7,6,6,4,5,6,7,6,7,US02,613
7,7,6,7,5,5,5,4,3,5,6,1,7,4,4,3,6,5,6,6,6,5,6,5,6,5,6,5,6,6,US02,614
6,6,4,6,7,4,4,3,3,3,1,2,6,4,5,3,6,5,4,4,5,4,6,4,3,4,5,6,4,5,US02,615
6,4,5,6,6,1,1,2,2,3,5,1,6,2,1,1,4,3,6,5,6,4,6,4,3,4,5,5,5,3,US02,616
7,7,6,7,7,4,2,3,3,3,1,1,7,6,4,5,7,7,6,5,6,4,5,4,4,4,4,4,4,4,US02,617
7,7,7,7,7,6,6,7,7,7,6,1,7,7,7,7,5,5,6,6,6,6,6,4,6,6,6,6,6,6,US02,618
1,1,4,2,6,1,1,4,1,1,1,1,1,1,1,1,1,1,1,1,1,1,1,1,1,1,1,1,1,1,US02,619
7,7,7,7,7,4,3,4,4,5,4,1,4,3,4,3,4,4,4,4,4,4,4,4,4,2,2,3,4,3,US02,620
7,7,7,7,7,5,4,6,5,4,1,1,7,7,7,6,7,4,4,4,5,4,4,4,4,4,4,4,4,4,US02,621
2,6,6,2,5,1,1,1,1,4,2,2,5,4,5,2,5,5,4,5,6,5,6,4,6,4,3,4,2,3,US02,622
7,7,4,7,7,2,5,5,1,5,2,1,7,7,7,7,7,4,7,4,7,4,4,4,4,4,4,4,4,4,US02,623
6,6,5,7,5,6,6,4,5,5,4,1,6,6,6,5,6,4,6,4,5,4,4,4,4,4,4,4,4,3,US02,624
6,6,6,6,6,5,5,5,5,5,4,2,5,4,4,4,5,4,4,4,4,4,4,4,4,4,4,4,4,4,US02,625
5,5,6,7,7,6,5,6,4,5,1,1,7,7,6,7,7,6,4,6,4,5,4,4,5,4,5,6,4,5,US02,626
7,7,7,7,7,6,6,6,6,6,2,1,6,5,7,7,6,6,6,6,6,6,6,6,4,6,6,6,5,6,US02,627
7,6,6,5,7,5,4,5,4,5,1,2,6,5,5,5,5,5,5,5,5,5,5,5,5,5,5,6,6,6,US02,628
6,4,5,5,6,5,4,4,3,5,3,2,5,3,5,5,4,4,5,5,5,5,5,5,5,4,5,3,5,4,US02,629
7,7,7,7,7,7,7,7,7,4,2,1,6,6,7,6,5,6,6,5,5,6,5,4,4,6,5,4,5,6,US02,630
7,7,6,7,7,5,4,3,4,5,5,3,7,1,1,1,6,3,4,3,2,3,4,3,1,3,3,7,2,2,US02,631
7,6,6,7,7,4,4,6,4,4,2,1,7,7,6,6,6,6,7,6,6,6,6,6,6,6,6,5,6,6,US02,632
7,5,7,7,7,5,4,5,3,3,1,2,7,7,5,6,5,7,5,5,5,5,5,4,6,4,6,5,5,5,US02,633
7,4,5,7,7,4,1,3,2,3,1,1,7,7,7,5,7,6,7,4,7,4,7,4,4,5,4,7,4,5,US02,634
7,7,7,7,7,7,7,7,7,7,5,3,6,5,5,6,5,5,5,6,6,6,5,4,6,4,5,4,6,5,US02,635
1,1,7,1,1,1,1,1,1,1,1,1,7,7,1,7,7,7,7,7,7,7,7,7,7,7,7,7,7,7,US02,636
4,5,5,6,6,3,2,4,2,2,1,3,7,7,7,6,7,7,7,6,7,6,7,6,5,5,5,7,5,6,US02,637
7,6,7,7,7,6,4,5,4,5,1,1,6,6,6,6,5,6,6,6,6,6,6,6,6,6,6,4,6,6,US02,638
7,7,6,7,7,6,4,4,6,4,4,1,7,7,7,7,7,5,6,4,6,4,5,4,4,4,4,3,4,5,US02,639
7,7,7,7,7,7,7,7,7,7,1,2,5,4,5,6,5,4,5,7,4,4,4,4,4,4,4,7,4,4,US02,640
1,4,6,7,7,5,5,4,4,4,2,1,6,6,6,5,6,6,6,6,6,6,7,6,6,6,5,6,6,6,US02,641
4,6,6,4,4,4,4,3,5,5,5,6,6,7,7,6,5,5,5,6,6,6,6,6,6,6,6,6,6,7,US02,642
5,4,6,5,6,3,2,4,3,5,2,1,6,5,4,4,6,5,4,4,4,4,4,4,4,2,4,5,4,4,US02,643
7,7,5,7,6,1,1,2,4,5,2,1,7,7,7,6,6,6,7,4,6,4,6,4,4,6,4,6,4,6,US02,644
6,6,4,7,7,4,4,5,1,4,2,1,7,7,7,6,7,7,7,6,7,5,6,7,4,6,7,7,6,7,US02,645
7,7,7,7,7,7,1,7,7,7,1,2,7,7,7,7,7,7,7,6,7,7,7,7,7,7,7,7,7,7,US02,646
7,7,7,7,7,3,3,5,4,3,1,1,6,6,7,4,7,4,3,1,5,5,3,2,3,1,2,4,4,3,US02,647
7,7,7,7,7,6,2,6,4,7,1,1,7,6,7,7,2,4,7,4,6,7,4,6,4,7,4,7,4,7,US02,648
7,7,7,7,7,7,7,7,7,7,1,3,6,7,7,6,7,7,7,7,7,6,6,6,6,6,6,7,6,7,US02,649
7,7,5,7,7,4,4,5,4,5,1,1,7,5,4,5,7,5,4,4,4,4,4,4,4,3,3,5,4,4,US02,650
7,7,7,7,7,5,5,7,7,5,1,2,7,7,4,7,3,6,7,5,7,7,7,7,7,7,7,7,6,6,US02,651
5,5,6,5,6,4,3,5,4,4,1,2,6,6,6,3,6,4,6,4,6,5,6,4,4,5,6,6,6,4,US02,652
6,7,5,7,7,4,4,4,4,4,3,2,5,3,3,3,5,3,5,5,3,5,5,3,3,4,5,5,4,3,US02,653
7,7,4,7,7,4,4,4,4,4,3,1,7,6,7,4,4,5,4,4,4,4,4,4,4,4,4,6,4,4,US02,654
6,5,3,3,1,3,2,3,5,6,1,1,6,3,6,6,6,6,6,6,6,6,6,6,6,6,6,6,6,6,US02,655
4,4,4,4,4,4,4,4,4,4,7,1,4,4,4,4,4,4,4,4,4,4,4,4,4,4,4,4,4,4,US02,656
7,6,4,7,7,1,1,4,1,1,1,1,7,6,6,3,6,6,6,6,6,6,6,6,6,6,6,5,6,6,US02,657
7,7,7,6,7,7,6,7,6,7,1,5,7,5,7,7,6,6,7,7,7,7,6,7,6,7,6,7,6,7,US02,658
7,7,1,7,7,7,7,7,1,7,7,7,7,7,7,7,7,7,7,7,7,7,7,7,7,7,7,7,7,7,US02,659
7,3,7,7,7,5,4,7,2,4,1,1,7,7,7,7,7,7,7,7,7,7,7,7,7,7,6,7,7,7,US02,660
7,6,6,7,7,4,3,6,4,5,2,1,7,5,5,4,7,6,6,4,4,3,5,4,4,2,4,6,4,2,US02,661
5,5,6,6,6,5,4,5,3,4,2,2,7,7,7,7,7,5,6,6,7,6,7,6,4,6,5,6,7,6,US02,662
7,7,6,7,7,6,6,6,6,6,1,1,7,7,7,7,7,7,7,7,7,4,7,4,4,7,4,7,4,6,US02,663
7,7,4,7,7,1,1,4,1,4,1,1,7,7,7,7,3,7,7,4,7,4,7,4,4,4,4,7,7,7,US02,664
6,2,3,2,5,1,1,1,2,3,5,2,4,2,1,7,4,4,3,3,7,4,3,4,4,2,2,5,1,4,US02,665
7,7,7,7,7,5,6,6,6,4,2,3,7,6,6,6,6,6,6,4,6,4,6,6,4,6,6,6,4,6,US02,666
7,7,7,7,7,7,4,7,6,7,1,1,1,1,1,1,1,1,1,1,1,1,1,1,1,1,1,1,1,1,US02,667
7,7,7,7,7,4,4,5,4,4,1,3,7,7,6,7,7,7,7,4,4,4,4,4,4,3,4,7,4,4,US02,668
7,7,7,7,7,4,4,6,4,4,1,1,7,7,7,7,3,7,7,4,6,4,7,4,4,6,4,6,4,4,US02,669
6,6,6,6,2,5,4,6,5,5,2,2,5,5,4,5,5,4,4,4,4,4,4,4,4,3,4,5,4,5,US02,670
7,6,5,7,7,2,2,4,2,4,1,2,7,7,7,6,6,5,6,5,6,5,6,5,5,5,4,5,5,4,US02,671
7,5,6,7,7,3,2,5,5,2,1,2,7,6,6,6,6,6,7,6,6,7,6,4,4,6,4,6,4,4,US02,672
6,7,6,7,7,4,4,4,4,6,2,3,6,6,4,4,6,6,6,6,6,4,6,4,4,4,4,6,4,6,US02,673
7,7,2,5,6,3,7,7,4,7,7,3,6,6,6,6,6,6,6,6,6,6,6,6,6,6,6,6,6,6,US02,674
7,7,6,6,7,3,1,4,3,4,4,1,7,5,5,5,7,4,4,4,4,4,4,4,4,5,4,4,4,4,US02,675
6,4,4,4,4,1,1,4,1,1,1,1,7,7,7,7,7,7,7,7,7,7,7,7,7,7,7,7,7,7,US02,676
7,7,7,7,7,4,4,7,3,6,2,1,7,7,7,7,1,7,7,7,7,7,7,7,7,7,7,7,7,7,US02,677
7,7,7,7,7,7,7,7,7,7,6,2,7,7,7,7,7,7,7,6,7,6,6,5,2,6,5,6,5,6,US02,678
7,7,7,7,7,4,4,7,4,1,3,2,6,7,7,7,7,6,7,7,6,7,7,7,7,4,7,6,7,6,US02,679
7,7,7,7,7,4,4,7,2,5,5,2,7,6,6,6,2,5,6,6,6,6,6,4,6,6,6,7,4,7,US02,680
7,6,6,7,7,3,3,5,2,4,2,1,7,7,7,4,3,6,7,7,6,7,6,7,7,5,7,7,6,7,US02,681
7,7,7,7,7,6,4,7,4,5,4,1,7,7,7,7,7,4,7,4,7,4,7,4,4,4,4,4,4,4,US02,682
7,6,6,7,7,5,5,6,6,4,2,3,7,5,4,5,3,6,6,6,6,5,6,5,5,6,6,6,6,6,US02,683
7,7,7,7,7,7,5,5,5,7,1,1,7,7,7,7,7,7,7,7,7,4,7,4,4,7,4,7,4,4,US02,684
7,7,7,7,7,7,6,7,6,6,2,1,7,7,7,7,7,7,7,7,7,7,7,7,7,7,7,7,7,7,US02,685
7,7,6,7,7,4,3,5,3,4,1,1,7,7,7,6,6,7,6,6,6,6,6,6,6,6,6,7,6,6,US02,686
6,6,4,6,6,5,4,6,4,4,1,1,7,7,7,7,6,6,7,4,7,4,7,4,4,4,4,7,4,4,US02,687
7,6,7,6,7,6,5,5,5,5,5,1,6,6,5,6,6,6,6,5,5,5,5,5,4,5,4,4,5,4,US02,688
7,7,7,7,7,5,6,6,5,6,1,1,7,6,7,7,6,5,7,6,6,5,5,5,4,5,4,7,5,5,US02,689
7,7,7,7,7,6,6,7,6,6,1,1,6,6,6,6,5,6,6,6,6,6,6,6,6,6,6,6,6,6,US02,690
7,7,7,7,7,7,7,7,7,7,1,1,7,7,7,7,7,7,7,7,7,7,7,7,7,7,7,7,7,7,US02,691
1,1,7,7,7,4,3,3,5,1,2,1,7,7,7,7,7,7,7,6,7,7,7,7,7,7,7,7,6,7,US02,692
7,1,6,7,7,5,4,3,3,4,1,1,6,6,6,6,5,4,5,4,5,4,6,6,4,5,4,4,4,4,US02,693
3,5,4,5,5,6,2,4,4,4,2,2,7,6,7,6,5,5,6,5,6,5,6,6,6,5,6,7,4,5,US02,694
7,7,7,7,7,4,4,6,4,4,4,1,7,7,7,4,7,7,7,7,7,7,6,6,7,4,7,7,7,7,US02,695
7,7,7,7,7,1,2,4,2,6,4,1,7,3,6,4,6,4,6,4,4,4,5,4,4,3,4,4,4,4,US02,696
7,7,7,7,7,6,6,7,5,5,1,1,7,7,7,6,7,4,4,4,4,4,4,4,4,4,4,4,4,4,US02,697
6,5,4,5,6,4,2,4,4,4,1,1,6,5,6,4,6,4,6,4,6,4,4,4,4,4,4,4,4,4,US02,698
7,6,6,7,7,3,3,3,6,5,4,1,6,6,6,6,6,4,6,4,6,4,4,4,4,4,4,4,4,4,US02,699
7,7,7,7,7,1,2,6,2,7,4,1,7,5,3,4,1,3,3,5,7,7,5,5,4,5,6,4,5,6,US02,700
7,7,4,7,6,4,4,7,4,4,3,2,6,6,6,6,6,4,6,4,6,4,6,4,4,4,4,4,4,4,US02,701
7,7,4,7,7,6,4,6,6,6,1,1,7,6,6,6,5,4,5,4,4,4,4,4,4,4,4,4,4,4,US02,702
7,7,7,7,7,5,5,7,6,7,1,1,7,7,7,7,7,6,7,6,7,6,7,6,4,6,5,7,4,7,US02,703
7,7,7,7,7,1,1,4,1,4,4,2,7,6,7,5,7,6,6,4,6,4,7,4,4,4,4,4,4,4,US02,704
7,6,6,6,5,6,6,6,5,5,5,3,6,6,6,6,5,5,6,5,5,5,6,5,5,7,7,6,6,5,US02,705
6,7,6,6,6,4,4,5,4,4,2,1,7,6,5,5,5,3,2,2,7,4,2,2,5,2,6,6,2,2,US03,706
7,4,7,7,7,4,4,4,4,4,1,1,6,3,3,2,6,4,4,4,4,4,4,4,4,2,4,6,6,5,US03,707
7,4,1,7,7,1,1,1,1,1,4,1,7,4,6,5,7,4,7,4,7,6,6,4,4,4,5,7,4,5,US03,708
7,7,7,7,7,4,4,6,4,4,4,1,7,6,6,6,3,6,7,4,6,6,6,4,6,6,6,7,6,6,US03,709
6,6,2,6,7,5,4,5,4,5,1,2,6,6,6,6,6,6,6,6,6,6,6,6,4,4,6,6,6,6,US03,710
4,6,4,5,7,4,3,4,4,4,2,1,5,5,5,5,5,5,5,5,5,5,5,5,5,5,5,5,5,5,US03,711
7,7,7,7,7,4,4,7,4,4,1,1,7,7,7,7,7,4,7,4,4,4,7,4,4,4,4,4,4,4,US03,712
7,7,7,7,7,4,7,4,7,4,6,1,6,6,6,6,6,6,6,6,6,6,6,6,6,6,6,6,6,7,US03,713
7,5,6,7,7,6,6,6,5,6,7,2,1,2,4,4,1,3,1,3,4,2,4,4,2,2,4,2,1,2,US03,714
7,7,7,7,7,6,4,7,5,4,1,1,6,6,6,6,6,6,6,4,6,4,4,4,4,5,4,7,4,6,US03,715
7,7,7,7,7,5,3,7,5,7,1,1,7,6,6,3,6,4,6,4,5,4,6,4,4,4,4,6,4,6,US03,716
7,7,6,7,7,6,5,7,4,6,4,1,5,4,5,4,5,4,4,4,4,4,4,4,4,4,3,4,4,4,US03,717
6,2,2,2,1,3,2,2,3,1,2,3,6,5,5,3,6,4,6,5,4,7,5,5,3,4,5,2,6,4,US03,718
7,7,6,7,7,5,4,7,2,4,1,1,7,7,7,7,7,7,7,7,7,6,7,4,4,4,4,7,4,6,US03,719
7,7,7,7,7,5,4,6,3,4,3,1,7,6,5,6,3,4,5,4,6,4,4,4,4,2,4,4,4,4,US03,720
7,6,7,7,7,5,4,4,4,5,6,3,7,5,4,4,6,6,6,6,6,6,6,6,6,5,6,5,6,5,US03,721
3,5,5,7,7,2,1,1,1,5,2,1,6,6,6,6,6,6,6,6,6,6,6,6,6,6,6,6,6,6,US03,722
7,6,5,5,7,4,4,4,3,4,4,1,7,6,6,4,4,4,6,4,4,4,4,4,4,4,4,4,4,4,US03,723
7,7,7,7,7,4,4,4,4,4,3,1,7,7,7,7,5,4,5,4,4,4,4,4,4,4,4,5,4,4,US03,724
7,6,6,7,7,6,5,5,5,7,4,4,6,4,4,2,2,4,5,4,5,4,4,4,4,4,4,3,4,2,US03,725
5,5,5,6,5,4,4,5,6,4,4,3,4,4,4,4,4,4,4,4,4,4,4,4,4,4,4,4,4,4,US03,726
7,7,5,7,7,4,6,5,5,5,5,1,7,7,7,7,7,3,7,5,5,6,6,6,4,5,5,1,6,5,US03,727
7,7,7,7,7,4,4,4,4,4,4,1,7,7,6,7,7,4,6,4,7,4,7,4,4,6,4,4,4,4,US03,728
7,6,6,6,7,4,6,5,6,2,3,1,7,3,4,2,5,5,7,4,4,4,4,4,4,4,4,4,4,4,US03,729
7,7,6,7,7,1,1,6,1,4,1,1,7,6,7,6,7,6,7,7,6,6,7,7,6,6,7,7,7,7,US03,730
7,7,7,7,7,7,7,7,7,7,1,1,7,6,7,6,7,7,7,7,7,7,7,7,7,7,7,7,7,7,US03,731
4,4,1,4,4,1,1,1,1,1,1,1,4,4,4,4,4,4,4,4,4,4,4,4,4,4,4,4,4,4,US03,732
7,7,6,7,7,3,3,4,4,4,1,1,7,6,5,4,6,4,6,4,4,4,4,4,4,4,4,4,4,4,US03,733
4,5,4,6,5,5,3,5,4,4,1,2,6,6,6,4,6,7,6,5,6,6,6,6,6,6,7,6,6,6,US03,734
3,2,2,2,2,2,2,2,2,2,2,1,5,1,5,2,5,5,5,4,5,4,5,4,4,4,4,5,4,5,US03,735
7,7,7,7,7,7,7,7,7,7,1,1,7,7,7,7,7,7,7,7,7,7,7,7,7,7,7,7,7,7,US03,736
7,7,7,7,7,7,7,7,7,7,1,2,7,7,7,7,7,7,7,7,7,7,7,7,7,7,7,7,7,7,US03,737
5,4,5,5,5,2,2,4,4,4,1,1,7,2,6,1,3,4,6,4,6,4,4,4,4,4,4,4,4,4,US03,738
7,6,4,7,7,4,4,7,4,4,1,2,7,7,7,7,6,7,6,4,4,4,4,4,4,4,4,6,4,4,US03,739
7,7,7,7,7,7,7,7,7,7,1,1,7,7,7,7,7,6,7,6,7,6,6,6,6,6,6,6,6,6,US03,740
7,7,6,6,7,6,5,6,5,6,6,4,6,7,7,6,6,6,7,7,7,7,6,6,6,7,6,6,6,6,US03,741
7,7,7,7,7,4,1,4,4,4,3,1,7,2,5,3,6,5,5,4,6,4,4,5,4,3,5,6,5,3,US03,742
7,7,5,1,1,7,1,4,4,4,6,1,6,3,3,3,6,5,6,4,4,4,4,6,4,4,4,6,4,4,US03,743
7,7,7,7,7,7,7,7,7,4,3,2,7,7,7,7,5,7,7,7,7,7,7,7,4,7,7,7,7,4,US03,744
7,7,1,7,7,7,7,7,7,1,7,7,7,7,7,7,7,7,7,7,7,7,7,7,7,7,7,6,7,7,US03,745
2,2,3,3,4,4,3,2,2,3,4,4,6,4,5,4,5,4,5,5,5,5,4,5,5,4,5,4,5,5,US03,746
6,3,4,7,7,2,2,7,1,2,1,1,7,3,4,3,6,4,6,4,5,4,6,4,4,2,4,7,4,4,US03,747
5,6,6,4,6,2,2,2,2,4,1,1,7,6,6,4,6,6,6,4,6,5,6,4,4,4,4,6,4,6,US03,748
7,7,7,7,7,5,5,5,5,6,2,1,5,6,6,6,6,6,6,6,6,5,5,6,6,6,6,7,6,5,US03,749
6,7,7,6,7,4,5,4,4,4,1,1,7,6,6,4,6,4,4,4,6,4,4,4,4,4,4,4,4,4,US03,750
7,7,7,7,7,7,7,7,7,7,2,1,7,6,4,1,6,6,5,3,4,1,3,4,4,1,4,3,4,2,US03,751
7,7,7,7,7,1,5,3,1,5,1,2,7,2,5,4,3,5,7,7,7,4,7,4,1,6,1,6,3,2,US03,752
7,7,7,7,7,4,4,7,4,4,2,2,6,6,6,6,6,5,5,5,5,5,5,5,4,5,5,5,5,5,US03,753
3,4,4,5,4,1,2,1,2,4,5,4,6,6,6,7,6,5,6,6,7,6,7,6,6,6,5,6,6,7,US03,754
7,7,7,7,7,5,5,7,5,6,1,2,7,7,7,7,7,7,7,7,7,7,7,7,7,7,7,7,7,7,US03,755
7,7,7,7,7,6,4,7,4,6,1,2,7,5,5,2,7,7,7,7,7,7,7,7,7,7,7,7,7,7,US03,756
5,4,5,6,6,3,2,3,3,3,4,1,6,6,6,5,3,4,4,4,5,5,5,4,4,3,4,5,4,4,US03,757
7,6,7,7,7,6,5,5,6,4,3,2,7,6,6,7,6,5,6,6,6,5,5,5,5,5,6,5,6,5,US03,758
7,7,7,7,7,4,4,5,4,2,1,1,6,2,2,3,6,5,2,2,3,2,3,2,3,3,2,5,2,3,US03,759
7,7,7,7,7,5,5,6,6,7,1,1,7,6,6,6,6,6,6,6,6,6,6,5,6,6,5,6,7,5,US03,760
7,6,5,7,6,4,4,5,4,4,1,1,7,6,5,6,6,6,6,4,6,4,5,4,4,5,4,5,4,4,US03,761
7,7,7,6,7,6,6,7,5,6,1,1,7,6,6,5,6,4,4,4,4,4,4,4,4,5,4,4,4,4,US03,762
7,7,7,7,7,7,7,7,7,7,1,1,7,7,7,7,7,7,7,7,7,7,7,7,7,7,7,7,7,7,US03,763
7,7,6,7,7,1,4,3,1,4,4,1,7,5,7,2,6,6,7,7,5,4,6,6,6,3,7,7,4,6,US03,764
7,7,5,7,7,2,1,5,2,1,1,1,6,6,6,6,5,6,6,5,6,4,6,4,4,4,4,4,4,4,US03,765
6,4,4,5,6,2,2,2,2,2,1,1,6,5,6,5,6,6,5,5,6,4,6,4,4,4,5,6,4,6,US03,766
7,7,6,7,7,5,5,7,5,5,3,1,6,5,5,5,6,4,4,4,5,4,5,4,4,4,4,3,4,4,US03,767
7,6,6,7,7,7,4,6,5,4,5,1,7,7,6,6,7,6,6,6,6,6,7,6,6,7,6,6,6,6,US03,768
4,3,4,4,1,1,1,1,1,1,4,1,7,4,7,4,7,6,6,4,4,4,4,4,4,4,4,4,4,4,US03,769
7,5,4,7,7,4,4,2,4,4,1,1,7,4,5,4,3,4,4,4,4,4,4,4,4,4,4,4,4,4,US03,770
2,4,4,5,7,2,1,4,2,2,1,1,6,6,6,6,6,6,6,6,6,6,6,6,6,6,6,6,6,6,US03,771
7,7,7,7,7,7,7,7,7,7,4,1,7,7,7,7,7,7,7,7,7,7,7,7,7,7,7,7,7,7,US03,772
7,7,7,7,7,5,5,1,5,6,1,1,7,5,3,5,5,7,6,4,7,4,6,5,3,4,6,4,4,4,US03,773
3,3,7,4,6,4,3,2,3,4,4,1,6,5,5,5,5,4,5,4,5,4,5,4,4,5,4,5,5,4,US03,774
7,7,7,7,7,7,5,7,6,7,1,2,7,7,7,7,7,7,7,7,7,7,7,7,7,6,7,7,7,7,US03,776
7,7,6,7,7,5,4,6,4,6,1,1,6,5,5,5,6,5,6,6,5,5,5,5,5,4,5,6,5,5,US03,777
6,7,5,6,7,4,5,6,5,6,1,1,7,7,6,6,4,6,7,6,6,5,7,6,5,6,4,6,4,7,US03,778
1,7,7,7,7,7,7,7,7,7,1,1,6,4,6,4,6,6,6,6,6,6,6,6,6,6,6,6,6,6,US03,779
6,6,5,6,7,4,2,4,2,3,2,1,7,6,4,6,6,6,6,7,6,7,6,6,5,6,6,7,6,6,US03,780
7,7,7,7,7,7,7,7,7,7,3,1,7,7,7,7,7,5,6,6,6,6,6,6,6,6,6,5,6,6,US03,781
6,6,6,5,6,4,4,3,4,4,4,1,7,5,6,5,5,4,4,4,5,4,4,4,4,4,4,4,4,4,US03,782
7,7,6,6,6,4,2,4,7,4,1,1,5,5,5,5,5,5,5,5,5,5,5,5,5,5,5,5,5,5,US03,783
6,6,6,7,7,2,4,4,4,4,1,1,7,6,2,6,7,6,5,5,6,6,5,4,4,5,4,6,4,6,US03,784
1,7,7,7,7,7,1,7,1,7,5,1,7,2,1,2,5,3,1,1,1,1,1,1,1,7,1,3,1,1,US03,785
6,6,5,6,6,6,2,4,2,2,1,1,5,4,4,3,4,5,5,4,5,4,5,4,4,4,4,5,4,5,US03,786
6,5,7,6,7,4,5,6,4,3,2,2,6,5,5,5,5,5,5,6,6,4,6,4,4,4,4,6,4,4,US03,787
2,2,3,3,1,3,2,5,2,5,2,2,7,7,7,7,7,7,7,7,7,7,7,7,7,7,7,7,7,7,US03,788
7,7,7,7,7,6,6,7,7,7,1,1,7,7,7,7,7,6,7,6,6,4,6,5,4,5,4,6,6,5,US03,789
7,7,7,7,7,2,2,6,2,6,1,1,7,6,7,5,5,7,7,4,4,4,4,4,4,7,4,4,4,7,US03,790
7,7,7,7,7,4,4,4,4,4,4,1,7,7,6,6,6,6,6,6,6,6,6,6,5,6,6,6,6,6,US03,791
1,2,7,1,1,4,4,3,4,2,2,1,7,7,6,7,3,5,7,4,5,4,7,7,3,3,4,1,4,4,US03,792
7,6,7,7,7,5,4,6,6,6,5,4,7,6,6,6,6,6,6,6,6,6,5,5,6,6,6,6,6,6,US03,793
7,6,6,6,6,2,4,4,1,7,1,1,6,5,3,3,6,6,6,4,6,4,4,4,4,5,4,5,4,6,US03,794
7,7,7,7,7,1,1,1,4,4,4,1,7,3,7,4,3,5,6,5,4,5,4,4,4,6,4,4,4,6,US03,795
1,4,2,1,1,1,7,1,5,6,4,1,7,6,6,7,7,4,7,7,7,7,5,5,7,4,7,7,7,7,US03,796
7,7,7,7,7,5,4,5,4,7,1,1,6,6,6,6,6,6,6,4,6,5,6,4,4,5,4,6,5,5,US03,797
7,7,6,7,7,4,4,4,2,2,4,1,7,7,6,6,7,4,6,4,4,4,6,4,4,6,4,4,4,4,US03,798
7,7,7,7,7,7,7,7,7,7,2,2,4,3,3,2,2,3,5,4,3,4,5,2,4,5,3,2,3,4,US03,799
7,7,7,7,7,2,1,6,1,4,1,3,7,6,7,6,6,4,5,4,6,4,6,4,4,5,4,5,4,3,US03,800
7,6,6,5,6,3,1,5,1,4,1,1,6,6,5,3,6,6,6,4,5,4,6,4,4,5,4,4,4,6,US03,801
7,7,7,7,7,5,6,7,5,7,1,1,7,7,7,7,7,7,7,7,7,7,7,7,7,7,7,7,7,7,US03,803
7,7,7,7,7,7,4,7,4,7,1,1,7,6,7,6,7,6,7,7,7,7,7,7,7,6,7,7,7,7,US03,804
6,5,5,5,6,3,3,1,3,5,2,2,7,4,5,3,6,4,6,4,6,4,6,4,4,5,4,6,4,5,US03,805
7,6,4,7,7,3,2,4,2,1,1,1,7,7,7,3,7,6,6,5,6,5,6,4,4,5,4,6,4,6,US03,806
7,7,7,7,7,1,1,2,2,7,1,1,6,2,5,2,3,4,7,4,5,4,6,4,4,4,4,4,4,7,US03,807
7,1,7,7,7,7,1,1,1,1,1,1,7,7,6,5,6,4,4,4,4,4,6,4,4,4,4,4,4,4,US03,808
7,7,7,7,7,5,2,7,4,4,1,1,7,7,7,7,7,7,7,7,7,6,7,7,6,6,6,7,6,7,US03,809
7,5,6,3,7,5,4,4,3,5,7,2,7,3,6,3,3,4,4,4,4,3,4,5,3,1,4,4,5,4,US03,810
7,7,7,7,7,3,4,5,4,6,1,3,6,6,5,4,5,3,5,4,4,4,4,4,4,4,4,5,4,4,US03,811
7,4,6,7,7,4,4,4,4,6,2,1,6,6,3,4,4,7,6,4,4,4,6,4,4,5,4,7,5,5,US03,812
7,7,5,7,7,5,4,7,4,3,2,2,6,6,6,6,2,6,6,4,4,4,6,4,2,4,4,5,4,6,US03,813
6,4,7,7,7,6,5,6,5,7,6,4,4,5,7,6,4,6,7,6,5,4,6,5,7,6,5,6,6,3,US03,814
7,7,7,7,7,7,5,4,1,5,4,2,6,1,4,4,4,4,4,4,4,4,4,4,4,4,4,4,4,4,US03,815
7,7,7,7,7,7,7,6,7,6,4,1,7,5,7,6,5,5,7,5,7,5,7,6,6,6,6,5,5,6,US03,816
7,7,7,6,7,6,7,6,4,7,5,1,4,5,5,5,5,4,6,5,5,6,6,6,4,5,5,5,6,5,US03,817
7,7,6,7,7,6,5,7,5,5,4,2,7,5,7,7,6,5,7,4,7,6,7,4,6,4,4,5,4,5,US03,818
7,7,7,7,7,7,7,7,7,7,3,3,7,7,7,7,7,7,7,7,7,7,7,7,7,7,7,7,7,7,US03,819
4,4,1,4,4,7,1,4,2,2,5,2,5,5,5,6,5,5,6,6,5,6,4,6,6,2,2,6,4,3,US03,820
7,7,7,7,7,5,7,7,5,7,4,2,6,6,7,6,6,4,6,4,6,4,6,4,4,6,4,6,4,6,US03,821
6,6,6,6,7,5,2,5,3,5,5,2,6,6,6,6,6,6,6,6,6,6,6,6,6,6,6,6,6,6,US03,822
7,6,6,6,7,3,7,6,3,3,7,2,2,4,3,1,2,4,5,3,4,5,5,4,3,4,3,5,6,3,US03,823
6,6,7,7,7,5,5,6,4,3,1,1,7,6,6,6,6,6,7,6,6,6,6,6,6,6,6,6,6,6,US03,824
5,5,5,5,6,6,2,4,4,3,1,1,4,4,4,2,4,4,4,4,4,4,4,4,4,4,4,4,4,4,US03,825
7,7,6,7,7,4,4,4,2,6,2,2,7,7,5,6,7,7,5,6,7,7,6,5,5,7,6,7,6,5,US03,826
3,2,5,6,5,6,2,2,6,6,2,1,5,5,5,5,5,5,5,5,5,5,5,5,5,5,5,5,5,5,US03,827
7,7,7,7,7,6,5,6,5,5,1,1,6,6,6,6,6,6,4,4,4,4,4,4,4,4,4,4,4,4,US03,828
5,4,4,4,5,2,3,3,3,5,1,1,6,3,3,4,4,4,6,4,6,4,7,4,4,4,4,4,4,4,US03,829
7,7,7,7,7,1,1,7,1,1,1,1,7,7,7,7,7,4,7,4,7,4,7,4,4,4,4,4,4,4,US03,830
7,6,6,7,6,2,2,4,4,6,2,1,6,6,6,6,6,6,6,6,6,6,6,6,6,6,6,6,6,6,US03,831
7,7,7,7,7,4,4,4,4,4,1,1,7,7,7,7,7,4,7,4,7,4,4,4,4,4,4,4,4,4,US03,832
